company_name,position_title,skills,min_experience,education,seniority,description_length,skills_count
Google,Sales Specialist,"[""go"", ""excel"", ""git"", ""account management"", ""rust""]",,bachelor,manager,2727,5
Apple,Apple Solutions Consultant,"[""excel""]",,,,828,1
Netflix,Licensing Coordinator - Consumer Products,"[""go"", ""excel""]",,,manager,3205,2
Robert Half,Web Designer,"[""javascript"", ""go"", ""java""]",,,manager,2489,3
TrackFive,Web Developer,"[""javascript"", ""rest"", ""go"", ""mysql"", ""sql"", ""api"", ""java""]",,,manager,3167,7
DesignUps,Frontend Web Developer,"[""rest""]",,,,892,1
"Equisolve, Inc.",Remote Website Designer,"[""excel"", ""medical""]",,,,3471,2
Zander Insurance Agency,Web Designer,"[""go"", ""git""]",,,,2896,2
Tuff,Web Designer,"[""go"", ""git"", ""sem"", ""seo""]",,,senior,5143,4
General Dynamics Information Technology,SR. Web Designer,"[""javascript"", ""go"", ""java"", ""aws""]",,,mid,4023,4
Sony Music Entertainment,Web Developer,"[""javascript"", ""go"", ""mysql"", ""git"", ""sql"", ""api"", ""java"", ""medical""]",,,manager,4181,8
Snapshot Interactive,Web Developer,"[""rest"", ""go"", ""mysql"", ""git"", ""sql"", ""api""]",,bachelor,manager,3842,6
Deloitte,Senior UI Designer,"[""git"", ""aws""]",,,junior,4484,2
Themesoft Inc,Wordpress Web Developer,"[""go"", ""mysql"", ""git"", ""sql"", ""java""]",,bachelor,,647,5
Western Governors University,UI Web Designer,"[""go""]",,bachelor,senior,3733,1
Sedgwick,Senior Web Designer (REMOTE),"[""excel"", ""medical""]",,bachelor,senior,4027,2
Ohio ENT & Allergy Physicians,Chief Executive Officer,"[""go"", ""clinical"", ""medical""]",,master,senior,3202,3
Confidential Jobs,"Executive Vice President & Chief Executive Officer (CEO), Medical...","[""go"", ""excel"", ""medical""]",,,executive,569,3
RiverVista Health and Wellness,CEO,"[""go"", ""budgeting"", ""medical""]",,master,manager,2239,3
Salt Creek Capital,CEO,"[""excel"", ""api""]",,,senior,1328,2
Ascend Innovations,"CEO, Positivly","[""go"", ""excel"", ""clinical"", ""medical"", ""rust""]",,bachelor,senior,5403,5
ExecHQ,Chief Executive Officer - CEO Consultant,"[""sem"", ""medical"", ""rust""]",,master,senior,2900,3
Confidential,Chief Executive Officer,"[""go"", ""clinical"", ""medical"", ""aws""]",,master,senior,1973,4
On Time Talent Solutions,Chief Executive Officer - Healthcare - Columbus,"[""go"", ""api"", ""aws""]",,master,senior,2516,3
Vistage Worldwide,CEO Coach,"[""rest"", ""rust""]",,,manager,1978,2
HSBC,Assistant Vice President Premier Relationship Manager,"[""go"", ""excel"", ""rust""]",,,manager,2318,3
Owner Actions,Digital Marketing Specialist,"[""social media"", ""go"", ""email marketing"", ""git"", ""digital marketing""]",,,manager,1259,5
OhioHealth,Senior Marketing Specialist,"[""social media"", ""go"", ""excel"", ""api""]",,bachelor,senior,3735,4
Express,"Performance Marketing Specialist, Paid Media","[""facebook ads"", ""go"", ""excel"", ""git"", ""crm"", ""digital marketing""]",,master,mid,4039,6
Dispatch,"Software Engineer - Reno, NV","[""javascript"", ""python"", ""rest"", ""go"", ""api"", ""java"", ""react""]",,bachelor,senior,3237,7
Epic,Software Engineer,"[""rest"", ""go"", ""excel"", ""api"", ""medical""]",,,senior,3436,5
Revature LLC,Entry Level Software Engineer,"[""medical"", ""aws""]",,bachelor,junior,3462,2
Light & Wonder,Associate Software Engineering,"[""go""]",,bachelor,junior,3951,1
Hughes Private Capital LLC,Software Engineer,"[""salesforce"", ""spring"", ""javascript"", ""python"", ""rest"", ""go"", ""agile"", ""sql"", ""api"", ""java"", ""docker"", ""microservices"", ""spring boot"", ""aws"", ""rust""]",,bachelor,junior,7661,15
Hired,Software Engineer,"[""angular"", ""javascript"", ""go"", ""azure"", ""git"", ""sql"", ""api"", ""java"", ""docker""]",,,,2181,9
Blockchains,Software Engineer (JavaScript Backend),"[""javascript"", ""typescript"", ""rest"", ""git"", ""agile"", ""api"", ""java"", ""docker"", ""aws""]",,bachelor,,6958,9
"Vitalwerks Internet Solutions, LLC",Senior Software Engineer,"[""git"", ""agile"", ""sql"", ""vue"", ""microservices""]",,master,senior,3167,5
Germer International,Warehouse Manager,"[""go"", ""sap""]",,,senior,2964,2
The Coca Cola Company,Warehouse Manager,[],,,senior,518,0
Coca-Cola Consolidated,Warehouse Manager IV,"[""go"", ""budgeting"", ""medical""]",,bachelor,mid,3827,3
Graham Packaging,Warehouse Manager,"[""go"", ""excel""]",,bachelor,mid,2719,2
Floor & Decor,Warehouse Supervisor,"[""excel"", ""medical""]",,,junior,5734,2
Norwalk Furniture & Design,Warehouse Manager,"[""excel""]",,,manager,1494,1
Standlee Premium Western Forage,Warehouse Management Specialist,"[""go"", ""rust""]",,,manager,1715,2
Lansing Building Products,"Warehouse Manager - Lexington, KY","[""rest"", ""excel"", ""medical""]",,,senior,2450,3
AVI Foodsystems,Warehouse Supervisor,"[""go"", ""rust""]",,,manager,1405,2
NASB Financial Inc.,Bank Teller,"[""go"", ""excel"", ""api"", ""medical""]",,,manager,4623,4
Citizens Bank & Trust,Part-time Bank Teller/Financial Services Representative,"[""excel"", ""rust""]",,bachelor,,1876,2
The Bank of Grain Valley,Bank Teller,"[""excel""]",,,,576,1
Landmark National Bank,Full Time Teller,"[""rest"", ""go"", ""excel"", ""aws""]",,bachelor,junior,3309,4
Bank Of America,Bank Teller,"[""medical""]",,,,498,1
Central Bank of the Midwest,Seasonal Teller,"[""rest"", ""go""]",,,mid,2203,2
US Bank,Bank Teller,"[""excel"", ""medical""]",,,,522,2
The Bank of Grain Valley -,Bank Teller,"[""excel""]",,,,721,1
"J.B. Hunt Transport Services, Inc.",Sales Executive,"[""go"", ""cold calling"", ""crm"", ""lead generation""]",,bachelor,senior,3896,4
FIS,Sales Executive III Client Management,"[""go"", ""medical""]",,bachelor,senior,3467,2
AC Hotel Columbus Downtown,Sales Manager,"[""go"", ""excel"", ""react"", ""medical""]",,,junior,2348,4
SPECTRUM,Account Executive,"[""salesforce"", ""tax"", ""go""]",,bachelor,senior,3465,3
Johnson & Johnson,"Account Executive - Columbus, OH - AMO Sales and Services, Inc..","[""go"", ""api""]",,bachelor,senior,5548,2
Accenture,Workday Sales Director,"[""rest"", ""go"", ""negotiation"", ""excel"", ""git""]",,,senior,6936,5
TQL,Account Executive (Inside Sales),"[""rest"", ""go"", ""negotiation""]",,bachelor,executive,1815,3
Spectrum,Business Sales Account Executive,"[""tax"", ""go""]",,bachelor,senior,3451,2
Dreamory Entertainment Group Sdn Bhd,Full Stack Web Developer,"[""javascript"", ""go"", ""mongodb"", ""azure"", ""mysql"", ""sql"", ""java"", ""react"", ""aws""]",,bachelor,manager,1149,9
EQUILOGICS,Web Developer,"[""angular"", ""javascript"", ""typescript"", ""go"", ""mongodb"", ""excel"", ""mysql"", ""git"", ""sql"", ""java"", ""react"", ""seo"", ""redis"", ""postgresql""]",,bachelor,manager,3099,14
Commerce DotAsia Enterprise Sdn Bhd,Web Developer (Front-End),[],,,,482,0
Publicis Groupe,Front-End Engineer/UI Developer,"[""javascript"", ""typescript"", ""go"", ""excel"", ""git"", ""agile"", ""sql"", ""java"", ""docker"", ""react"", ""aws""]",,,senior,5340,11
Grand-flo Spritvest Sdn Bhd,Software Engineer (Web),[],,,,475,0
Bright Nexus (M) Sdn Bhd,Web Developer,"[""angular"", ""javascript"", ""typescript"", ""go"", ""mongodb"", ""mysql"", ""git"", ""sql"", ""java"", ""react"", ""seo"", ""redis"", ""postgresql""]",,bachelor,manager,1256,13
MEGASAP,Interns (Web Developers Mobile Developers Game Developers),[],,,intern,179,0
FlexForce Industrial,Supply Chain Analyst,"[""go"", ""excel""]",,,senior,2891,2
OakTree,Supply Chain Analyst IV,"[""go"", ""negotiation"", ""excel"", ""sap""]",,,senior,1239,4
Berryman Chemical Inc.,Supply Chain Analyst,"[""excel""]",,,senior,2418,1
Waukesha Pearce Industries,Supply Chain Analyst (ED),"[""go"", ""excel""]",,bachelor,manager,2211,2
Sysco,"Analyst II, Supply Chain - Corporate - US (Open)","[""go"", ""excel"", ""redis""]",,bachelor,mid,4187,3
Halliburton,Supply Chain Analyst - Senior,"[""go"", ""sem""]",,bachelor,senior,2344,2
Texas Children's Hospital,Supply Chain Analyst,"[""go"", ""patient care"", ""medical""]",,master,senior,4831,3
New Fortress Energy,Supply Chain Analyst,"[""go"", ""negotiation"", ""excel"", ""api""]",,,manager,3890,4
Shell,Business Analyst- Supply Chain,"[""go"", ""excel"", ""azure"", ""agile"", ""rust""]",,bachelor,senior,5263,5
Bloomingdale’s,"Commission Sales Associate - Men's, Full Time - Beverly Center","[""rest"", ""excel"", ""medical""]",,,junior,3544,3
BLOOMINGDALE'S,"Commission Sales Associate - Men's, Full Time - Beverly Center","[""rest"", ""excel"", ""medical""]",,,junior,2678,3
Grasstik,Commission Sales Associate,[],,,junior,72,0
"Macy's, Inc.","Retail Commission Sales Associate - Fine Jewelry, Del Amo Fashion...","[""go""]",,,junior,296,1
Macy's,"Retail Commission Sales Associate - Fine Jewelry, Northridge...","[""go""]",,,junior,5243,1
Neon Pizza,Kitchen prep / cleaning,"[""rest""]",,,,321,1
HAWKINS HOUSE OF BURGERS,Kitchen Cleaner,"[""rest""]",,,,1801,1
Bon Appétit Management Company,Kitchen Cleaner (Utility),"[""rest"", ""go"", ""oracle""]",,,manager,1640,3
Motion Picture & Television Fund,Dishwasher/Kitchen Cleaner,"[""rest"", ""go"", ""medical""]",,,senior,1082,3
Los Angeles Airport Marriott,Utility Cleaner - Kitchen ($19.77/hr),"[""go""]",,,manager,3027,1
Hotel Cleaning Services,"Overnight Janitor - Los Angeles, California","[""rest""]",,bachelor,manager,4599,1
Dave & Buster's,Dishwasher,"[""rest""]",,,senior,3626,1
Green Guard Services,"Kitchen Exhaust Associate (Commerce, CA)","[""rest"", ""go"", ""excel"", ""medical""]",,,junior,3340,4
Michael Page,Senior Software Developer - Up to 160k - 100% Remote,"[""spring"", ""javascript"", ""python"", ""flask"", ""go"", ""agile"", ""java"", ""oracle"", ""django""]",,,junior,1506,9
ManTech,Software Developer - New Graduate,"[""javascript"", ""go"", ""excel"", ""agile"", ""sql"", ""java"", ""sem"", ""aws""]",,bachelor,junior,5428,8
Transcend,Software Engineer (US-Remote),"[""salesforce"", ""javascript"", ""typescript"", ""go"", ""java"", ""docker"", ""react"", ""aws""]",,,intern,3196,8
Alley,Software Developer,"[""javascript"", ""rest"", ""go"", ""git"", ""agile"", ""java"", ""react"", ""medical"", ""rust""]",,,junior,4431,9
Remote Team Inc.,Software Developer,"[""rest"", ""git"", ""vue"", ""react""]",,,senior,1426,4
UNAVAILABLE,Senior Software Developer- Full Stack (Remote),"[""go"", ""git"", ""agile""]",,master,senior,5596,3
SOCi,Full Stack Software Engineer,"[""javascript"", ""go"", ""mongodb"", ""mysql"", ""sql"", ""java"", ""microservices"", ""aws""]",,,senior,3345,8
Biofidelity,Software Developer,"[""python"", ""hipaa"", ""go"", ""api"", ""clinical"", ""patient care"", ""medical"", ""aws""]",,,senior,3079,8
Inspire,Software Engineer (Remote),"[""rest"", ""go"", ""git"", ""sql"", ""api"", ""sem"", ""react"", ""medical"", ""postgresql"", ""aws""]",,,junior,4889,10
DeMarco Inc,Vice President Operations,"[""tax"", ""rest""]",,,mid,1325,2
AD   ZipRecruiter,"Bank President Jobs in Columbus, Ohio",[],,,,63,0
Equity Commercial Real Estate Solutions,Senior Vice President of Property Management,"[""go"", ""budgeting"", ""rust""]",,bachelor,senior,3870,3
Fisher Investments,Regional Vice President of Sales,"[""go"", ""cold calling"", ""medical""]",,,senior,2901,3
Aon,"Health Solutions, Vice President Actuary","[""rest"", ""go"", ""api""]",,bachelor,junior,3721,3
The Ohio State University,Vice President for Inclusive Excellence,"[""rest"", ""go"", ""excel"", ""rust""]",,phd,senior,6057,4
HARDI,Marketing Director,"[""social media"", ""rest"", ""go"", ""excel"", ""git"", ""content marketing""]",,master,mid,3780,6
TEGNA Inc.,Marketing Director,"[""go"", ""git"", ""api"", ""google analytics"", ""react""]",,bachelor,mid,3528,5
GovCIO,"Director, Audience Marketing","[""copywriting"", ""social media"", ""rest"", ""go"", ""email marketing"", ""git"", ""google ads"", ""google analytics"", ""lead generation""]",,,mid,2482,9
Job Juncture,"Director, Sales & Marketing","[""api"", ""account management""]",,,manager,2319,2
Starry,B2B Marketing Manager,"[""salesforce"", ""go""]",,bachelor,senior,2567,2
Aaron's Inc,Sales Manager,"[""go"", ""sem"", ""medical"", ""rust""]",,,manager,5625,4
PwC,SAP Alliance Marketing Director,"[""rest"", ""go"", ""git"", ""digital marketing"", ""redis""]",,bachelor,junior,6463,5
"Direct Sales Recruiting, LLC","Marketing Director – E-Learning – Columbus, OH","[""salesforce"", ""excel"", ""financial analysis"", ""git"", ""budgeting"", ""crm""]",,bachelor,manager,2929,6
Insight Global,Enterprise Sales Executive,"[""sales strategy"", ""go"", ""oracle"", ""sap"", ""medical""]",,bachelor,senior,2081,5
Columbus Business First,Multi-Media Advertising Sales Executive,"[""salesforce"", ""go"", ""excel"", ""medical"", ""rust""]",,bachelor,executive,3656,5
Great Lakes Brewing Company,"Field Sales Representative- Columbus, Ohio","[""go"", ""excel""]",,,manager,2405,2
Heartland,"Outside Sales Executive, Remote","[""medical""]",,,mid,2623,1
Nespresso,Retail Sales Associate,"[""agile""]",,,junior,3162,1
H&M,Retail Sales Associate,"[""go"", ""medical""]",,,junior,4464,2
Nike Inc,Retail Sales Associate,"[""go"", ""excel""]",,,junior,4750,2
Gap,Sales Associate - Easton T/C,"[""go"", ""excel"", ""medical""]",,,junior,3513,3
The Tile Shop,Part-Time Sales Associate,"[""go"", ""excel""]",,,junior,1148,2
The Chefs' Warehouse,Selling - Inside Sales Associate,"[""rest"", ""go"", ""excel"", ""medical"", ""aws""]",,,junior,4626,5
Lowe's,PT-Sales Associate - ProServices-Flexible,"[""go"", ""excel"", ""medical""]",,,junior,3790,3
Galls LLC,"Retail Sales Associate - Full Time or Part Time (Columbus, Ohio)","[""medical""]",,,junior,2854,1
Old Navy,Sales Associate - Sun Center,"[""go"", ""excel"", ""medical""]",,,junior,3427,3
PetSmart,Retail Sales Associate,"[""rest"", ""go"", ""aws"", ""rust""]",,,junior,4000,4
Performance Columbus Auto Group,Business Development Center Representative - Performance Columbus,"[""go"", ""excel"", ""cold calling""]",,,,2092,3
coyote,Business Development Sales Representative - Columbus,"[""go"", ""negotiation"", ""git"", ""api""]",,,manager,2898,4
Performance Automotive,Business Development Center Representative - Performance Columbus,"[""go"", ""excel"", ""cold calling""]",,,,2092,3
Performance Columbus,Business Development Center Representative - Performance Cadillac GMC,"[""go"", ""excel""]",,,manager,2366,2
Acadia Healthcare,Business Development Representative,"[""salesforce"", ""excel"", ""api"", ""clinical"", ""medical""]",,bachelor,mid,3206,5
Germain of Columbus,Automotive Business Development Center (BDC) Representative,"[""go"", ""negotiation"", ""excel"", ""medical""]",,master,,1956,4
Alberta Health Services,Registered Nurse,"[""excel"", ""nursing"", ""patient care""]",,bachelor,manager,2927,3
"Express Employment Professionals - Red Deer, AB",Bilingual Occupational Registered Nurse,"[""go"", ""api"", ""clinical"", ""nursing"", ""rust""]",,master,,1212,5
Medika North Inc,Registered Nurse (RN),"[""go"", ""excel"", ""cpr"", ""nursing"", ""medical""]",,bachelor,,3485,5
Bethany Care Society,Registered Nurse (RN-CA02-007),"[""rest"", ""go"", ""excel"", ""cpr"", ""clinical"", ""nursing""]",,bachelor,,4955,6
Alio Health Services,Registered Nurse,"[""go"", ""excel"", ""cpr"", ""nursing"", ""patient care""]",,,manager,2955,5
AgeCare Ltd.,Registered Nurse Casual Mount Royal,"[""go"", ""excel"", ""cpr"", ""clinical"", ""nursing""]",,master,senior,1776,5
Helix,"Senior Manager, Test","[""python"", ""typescript"", ""hipaa"", ""go"", ""agile"", ""api"", ""clinical"", ""medical"", ""aws""]",,,senior,3667,9
General Entertainment Content,Testing Monitor (DGE) - Part Time (NYC),"[""go"", ""excel""]",,,senior,2216,2
Infosys,Firmware Test Engineer,"[""git"", ""agile"", ""medical""]",,bachelor,,2269,3
New York State Civil Service,Test Center Monitor,"[""rest"", ""go""]",,,,2931,2
Spotify,"Software Engineer, Test, Advertising",[],,,,714,0
John Varvatos,Bulk Product Testing Coordinator,"[""go"", ""excel""]",,master,junior,2159,2
Wheels Up Partners LLC,Salesforce.com QA Tester,"[""salesforce"", ""rest"", ""agile""]",,,manager,2670,3
"Technogen, Inc",Test Developer,"[""typescript"", ""kubernetes"", ""rest"", ""go"", ""excel"", ""git"", ""agile"", ""sql"", ""api"", ""docker"", ""microservices"", ""redis"", ""aws""]",,,senior,1995,13
"CGI Technologies and Solutions, Inc.",Program Compliance Manager,"[""rest"", ""go"", ""git"", ""sem"", ""medical"", ""rust""]",,bachelor,senior,9685,6
"CGI Group, Inc.",Program Compliance Manager - Remote,"[""rest"", ""go"", ""git"", ""medical""]",,bachelor,senior,9169,4
Meta,"Governance, Risk & Compliance Program Manager","[""social media"", ""hipaa"", ""go"", ""medical""]",,,manager,4358,4
Prime Therapeutics,Compliance Manager,"[""rest"", ""go"", ""aws""]",,bachelor,senior,6108,3
"Anthem, Inc",Compliance Director,"[""go"", ""excel"", ""medical"", ""aws""]",,,senior,3882,4
EXPRESS,Sr analyst compliance,"[""go"", ""negotiation"", ""excel"", ""cpr"", ""auditing"", ""aws""]",,master,senior,4571,6
martinwolf | M&A Advisors,Marketing Manager,"[""social media"", ""excel"", ""git"", ""api"", ""crm"", ""digital marketing""]",,bachelor,senior,3266,6
COLLEGE NOW GREATER CLEVELAND,College and Career Advisor - Cuyahoga County,"[""rest"", ""go"", ""excel""]",,bachelor,senior,4368,3
H.O.P.E. Works,Job Coach,"[""go"", ""excel""]",,,senior,2036,2
Youth Opportunities Unlimited,Career Specialist Instructor,"[""go"", ""excel"", ""api"", ""medical""]",,bachelor,senior,6626,4
Franchise Career Advisor,Digital Marketing Sales - Own the Territory – Run the Show,"[""sem""]",,,,1010,1
Grant Thornton LLP (US),Advisory Strategic Resource Manager,"[""go"", ""excel"", ""crm"", ""redis"", ""medical"", ""aws"", ""rust""]",,bachelor,senior,8424,7
OHM Advisors,Water Resources Project Manager,"[""rest"", ""go"", ""excel"", ""api"", ""rust""]",,master,senior,5845,5
State of Ohio,Criminal Investigator 2,"[""go"", ""medical"", ""aws""]",,bachelor,senior,6486,3
"Department of Administrative Services, State of Ohio",Criminal Investigator,"[""medical"", ""aws""]",,bachelor,senior,4404,2
Vcheck Global,Public investigator,"[""social media"", ""rest"", ""go"", ""excel""]",,bachelor,,3085,4
Talentify,Organized Retail Crime Investigator- Virtual- Columbus,"[""rest"", ""excel"", ""rust""]",,,manager,5919,3
Allied Universal,Private Investigator,"[""go"", ""excel"", ""medical""]",,bachelor,senior,3997,3
"DigiStream Detroit, Inc.",Entry Level Surveillance Investigator,"[""go"", ""api"", ""sem""]",,,junior,3238,3
My Justice Career,Criminal justice,"[""rest""]",,,,1732,1
Allied Universal® Compliance and Investigations,Surveillance Investigator,"[""go""]",,bachelor,,2856,1
Equifax,Claims Investigator,"[""excel"", ""aws""]",,bachelor,,1428,2
"Davita, Inc.",Inventory Clerk,[],,,,277,0
DAVITA,Inventory Clerk,"[""go"", ""excel"", ""clinical"", ""nursing"", ""patient care"", ""medical""]",,,mid,6596,6
Walmart,Inventory Clerk,"[""go""]",,,,597,1
Superior Air-Ground Ambulance,Inventory Clerk,"[""rest"", ""excel"", ""medical""]",,bachelor,senior,3304,3
Novo Distribution,Inventory Clerk,[],,,,142,0
Target Stores,Inventory Clerk,"[""medical""]",,,junior,773,1
Great Lakes Ace Hardware,Inventory Coordinator,"[""go""]",,,senior,2183,1
 State of Ohio Jobs,Civil Rights Investigator 1 - Columbus,"[""go"", ""sem"", ""aws""]",,,junior,4614,3
OTC Industrial Technologies,Credit Collections Lead,"[""go"", ""negotiation"", ""excel"", ""medical""]",,bachelor,senior,3582,4
Indeed,Staff Software Engineer - SMB - Marketing Enablement,"[""python"", ""rest"", ""go"", ""agile"", ""api"", ""java""]",,bachelor,senior,5898,6
ModMed,Patient Services Specialist (Remote),"[""go"", ""excel"", ""sem"", ""emr"", ""medical""]",,bachelor,manager,4214,5
FCX Performance,Accounts Receivable-FC,"[""go"", ""excel"", ""medical""]",,bachelor,senior,3753,3
Dawson Resources,Collections,"[""bookkeeping""]",,,manager,2988,1
New York Life,Financial Professional – Financial / Insurance – Entry Level,"[""go"", ""excel"", ""sem""]",,bachelor,junior,5076,3
Country Financial,Insurance Agent,"[""medical"", ""rust""]",,,senior,1702,2
Platinum Supplemental Insurance,Entry-Level Sales,[],,,junior,1498,0
LabCorp,Vice President/General Manager (VP/GM),"[""go"", ""api"", ""clinical""]",,bachelor,senior,4740,3
Legal Zoom,Vice President/Practice Leader of Tax,"[""tax"", ""go"", ""medical"", ""aws"", ""rust""]",,bachelor,manager,4221,5
Mathematica,"Senior Vice President and Managing Director, International Research","[""social media"", ""go"", ""api"", ""medical""]",,phd,senior,6826,4
U.S. Bank,Customer Service - Fraud Liaison Specialist,"[""rest"", ""go"", ""negotiation"", ""sem"", ""medical""]",,,,4494,5
JPMorgan Chase and Co,Fraud Awareness Educator – Associate,"[""go"", ""excel""]",,,junior,1060,2
Barclays,Fraud Resolution Analyst,"[""rest"", ""excel"", ""git""]",,,manager,2514,3
Regions Bank,Fraud Systems Analyst (REMOTE OPPORTUNITY),"[""rest"", ""excel"", ""medical""]",,bachelor,junior,5177,3
eTeam,Fraud & Compliance - AML/BSA Specialist,"[""go"", ""excel""]",,,senior,1898,2
Aston Carter,Fraud Investigator,"[""excel""]",,bachelor,manager,4505,1
Alsco,Office Clerk,"[""tax"", ""go"", ""excel"", ""medical""]",,master,manager,4080,4
American Cybersystems,Office Clerk,[],,master,,934,0
Central Health Solutions,General Office Clerk,"[""go"", ""bookkeeping"", ""git""]",,,,1554,3
Randstad,Office Clerk,"[""excel""]",,master,manager,1600,1
The State of Florida,OPS DEPUTY CLERK,"[""rest"", ""go"", ""excel""]",,,manager,6912,3
Akerman LLP,Part-Time Office Services Clerk,"[""excel""]",,,,1249,1
"Magic Transport, Inc",General Office Clerk / Data Entry,[],,,,478,0
"Accent Controls, Inc",General Clerk II,"[""go"", ""medical"", ""aws""]",,,senior,2841,3
"Morgan  Morgan, P.A.",Runner (Mail Clerk),"[""go"", ""excel"", ""medical"", ""aws""]",,,junior,3078,4
Jacksonville Job Corps Center,Clerical,"[""go""]",,,senior,1218,1
State of OH-- Attorney General,Medicaid Fraud Intake Officer  (22000555),"[""tax"", ""social media"", ""go"", ""api"", ""sap"", ""medical"", ""aws""]",,bachelor,senior,4322,7
"Prince George's County, Maryland  Upper Marlboro, MD On-site",Investigator 1G,"[""rest"", ""go""]",,bachelor,junior,4238,2
Hirschbach - Team Drivers,CDL Team Truck Driver and Lease Operators +,"[""rest"", ""go""]",,,senior,2079,2
Ozark Logistics LLC,CDL-A Flatbed Truck Driver,"[""go"", ""sem""]",,,senior,1788,2
JobsInLogistics.com,CDL A Regional Drivers,"[""medical""]",,,,599,1
Innovative Cleaning Services LLC,Dump Truck Driver,"[""go""]",,,manager,2206,1
POOLCORP,CDL Local Route Delivery Truck Driver,"[""go"", ""excel"", ""sem"", ""medical""]",,,executive,3131,4
Cardinal Logistics,CDL-A Truck Driver - $5K Sign On Bonus,"[""sem""]",,,,932,1
"Transco Lines, Inc.","CDL A Team Drivers - Sign-On Bonus Up To $10,000!","[""excel"", ""sem"", ""medical""]",,,,1513,3
Quality Carriers,Class A - Regional Truck Driver - Home Weekly - Out 2 Days or Less,"[""sem""]",,,,858,1
"CRST Expedited - Regional Louisville, KY",Solo Class A CDL Driver,"[""rest"", ""medical"", ""aws""]",,,mid,1485,3
PeopleConnect Staffing,CEO - Cannabis & Investment,"[""go"", ""negotiation"", ""excel"", ""api"", ""medical""]",,,senior,3044,5
Evolent Health,Chief of Staff,"[""go"", ""excel"", ""medical""]",,bachelor,senior,4911,3
Nikola Labs,CFO - Fast Growing Startup,"[""tax"", ""go"", ""excel"", ""api"", ""budgeting"", ""rust""]",,bachelor,manager,6583,6
Select Specialty Hospital-Columbus East,Chief Executive Officer (CEO),"[""hipaa"", ""go"", ""excel"", ""api"", ""nursing"", ""patient care"", ""medical"", ""rust""]",,master,senior,4168,8
LifePoint Health,Chief Financial Officer (CFO),"[""tax"", ""go"", ""api"", ""sem"", ""medical""]",,master,senior,3362,5
Allstate,Allstate Agency Owner - CEO of You,"[""api"", ""budgeting"", ""lead generation"", ""rust""]",,,senior,3086,4
"Transtar Industries  Walton Hills, OH Remote ",Customer Service Representative - Remote,"[""go""]",,,junior,4156,1
"Guest Supply  Grove City, OH Remote",Customer Service Representative (Work at Home),"[""go"", ""excel"", ""react""]",,master,senior,5444,3
DEPARTMENT OF DEFENSE Defense Counterintelligence and Security Agency,Investigator,"[""go""]",,bachelor,manager,6325,1
DEPARTMENT OF JUSTICE Drug Enforcement Administration,Diversion Investigator,"[""go"", ""git"", ""sem"", ""nursing"", ""medical"", ""aws""]",,master,executive,10563,6
"National Security Agency  Fort Meade, MD ",Polygraph Examiner - Entry to Mid-Level (MD),"[""go"", ""excel"", ""aws"", ""rust""]",,master,mid,7903,4
SPECIAL AGENT - GS 1811-10 (EXTERNAL - All U.S. Citizens),Special Agent,"[""rest"", ""go"", ""medical""]",,phd,executive,6991,3
"Maryhaven, Inc.",MARKETING SPECIALIST,"[""social media"", ""go"", ""sem"", ""google analytics"", ""crm"", ""medical""]",,bachelor,manager,1341,6
Pyramid Consulting,Marketing Specialist/ Brand Marketing || Work from Home,"[""excel"", ""git""]",,,manager,3197,2
Colliers I Columbus,Marketing Specialist,"[""excel""]",,,,929,1
Wolters Kluwer,Marketing Specialist,"[""salesforce"", ""tax"", ""go"", ""excel"", ""git"", ""digital marketing""]",,bachelor,manager,2780,6
Gravity,Marketing Event Coordinator,"[""rest"", ""go"", ""excel""]",,,senior,1702,3
"Peraton  Arlington, VA","Background Investigator (FT Employee) - Arlington, VA","[""rest"", ""go"", ""excel"", ""medical""]",,bachelor,,4870,4
"CIA  Washington, DC On-site",Polygraph Examiner,"[""excel"", ""medical"", ""rust""]",,bachelor,,3452,3
DCG TRADE,Construction Project Manager,"[""go"", ""excel""]",,bachelor,senior,1583,2
Haley & Aldrich,Project Manager (CCR focused),"[""rest"", ""go"", ""excel"", ""api"", ""sem""]",,master,senior,4281,5
"MCM Company, Inc.",Sr. Project Manager,"[""tax"", ""rest"", ""excel"", ""git"", ""redis""]",,master,senior,5965,5
"C&K Industrial Services, Inc.",Infrastructure Services Project Manager,"[""rest"", ""go"", ""excel"", ""sem"", ""medical""]",,,senior,2926,5
Iontra LLC,Project Manager 100% Remote,"[""go"", ""excel"", ""agile""]",,master,manager,4362,3
Atlas,Environmental Project Manager,"[""excel"", ""aws""]",,bachelor,senior,2773,2
Professional Placement Services,Project Manager,"[""rest"", ""sap""]",,bachelor,manager,1289,2
The Adcom Group,Digital Development Project Manager,"[""go"", ""excel"", ""git"", ""agile"", ""medical""]",,bachelor,senior,4521,5
THP Limited,Project Manager,"[""excel""]",,master,senior,1449,1
APEX Race Parts,Ecommerce Manager  Remote,"[""social media"", ""go"", ""email marketing"", ""git"", ""api"", ""sem"", ""google analytics"", ""digital marketing"", ""seo"", ""medical""]",,bachelor,senior,5540,10
Sherwin-Williams,Senior eCommerce Engineer,"[""go"", ""excel"", ""git"", ""java"", ""docker""]",,bachelor,junior,7742,5
Emerald Resource Group,E-Commerce Manager,"[""rest"", ""go"", ""sql"", ""api"", ""java"", ""react"", ""medical""]",,bachelor,senior,2317,7
Graybar,Remote E-Commerce Technical Analyst,"[""rest"", ""excel"", ""sap"", ""medical""]",,bachelor,manager,4232,4
Apolis,IT Project Manager III - Contract to Hire - Fortune Client,"[""rest"", ""oracle""]",,bachelor,senior,1533,2
Kantar,Ecommerce Consultant,"[""go"", ""sem"", ""medical"", ""rust""]",,bachelor,mid,6749,4
Fortune Brands,Senior Project Manager - eCommerce-Certified Scrum Master,"[""go"", ""excel"", ""git"", ""agile"", ""api"", ""seo"", ""medical"", ""rust""]",,master,senior,3843,8
Smuckers,"Manager, Commerce Marketing","[""rest"", ""go"", ""excel"", ""git"", ""agile"", ""digital marketing""]",,master,mid,4320,6
TEKsystems,Project Manager I/II- Remote,"[""agile"", ""budgeting"", ""sap""]",,master,manager,1987,3
Code3,Ecommerce Account Manager,"[""go"", ""git"", ""digital marketing""]",,bachelor,senior,3684,3
Experian,Manager ecommerce,"[""go"", ""lead generation""]",,bachelor,senior,5772,2
Quadient,Remote Customer Service Representative,"[""salesforce"", ""go"", ""excel"", ""crm"", ""medical"", ""rust""]",,,mid,6112,6
Regular,Bilingual Spanish CUSTOMER SERVICE REPRESENTATIVE Work From Home...,"[""rest""]",,master,senior,4200,1
SupportNinja,Customer Service Representative L2 (Work-At-Home),"[""excel"", ""lead generation""]",,bachelor,junior,3310,2
Upwork,Customer Service Representative,"[""rest"", ""go"", ""excel""]",,,,1323,3
DFIN,Customer Service Representative - (1st Shift) - Remote,"[""salesforce"", ""rest"", ""go"", ""agile""]",,bachelor,,2942,4
American Income Life Insurance Company,Customer Service Representative / Remote,"[""go"", ""excel""]",,,,1360,2
Moen,Part-Time Customer Service Representative (Remote),"[""go"", ""sem""]",,,junior,2525,2
Conduent,Remote Customer Service Associate,"[""go"", ""excel""]",,master,junior,2823,2
Randstad USA,Work From Home Customer Service Representative,"[""tax"", ""go"", ""excel"", ""medical""]",,,junior,2697,4
Volt,Talent Acquisition Specialist / Recruiter,"[""go"", ""crm""]",,bachelor,manager,2859,2
"Cprime, Inc",Talent acquisition recruiter,"[""social media"", ""rest"", ""go"", ""negotiation"", ""excel"", ""cpr"", ""agile"", ""medical"", ""aws"", ""rust""]",,,mid,7325,10
Conexess Group,Talent Acquisition Coordinator/ Technical Recruiter (100% Remote...,"[""excel"", ""sem""]",,master,,2455,2
Southcoast Health,Talent Acquisition Advisor (Healthcare)   REMOTE,"[""social media"", ""rest"", ""go"", ""negotiation"", ""excel"", ""cold calling"", ""clinical"", ""nursing"", ""crm"", ""patient care""]",,bachelor,senior,5085,10
ACL Digital,Talent Acquisition Specialist,"[""go""]",,,,534,1
ASML,Talent Acquisition Manager,"[""go"", ""excel"", ""rust""]",,bachelor,senior,4742,3
ALTEN,Senior Talent Acquisition Specialist,"[""go"", ""negotiation""]",,,senior,1271,2
American Express,Recruiter,"[""go""]",,,senior,1023,1
YWCA Columbus,Chief Executive Officer,"[""go"", ""negotiation""]",,,senior,1692,2
Platform Partners,Marketing Visionary,"[""go"", ""budgeting"", ""medical""]",,master,manager,2200,3
Home For Families,Marketing Specialist,"[""social media""]",,,,535,1
Caesars Entertainment,COORDINATOR - MARKETING,"[""social media"", ""go"", ""excel"", ""git""]",,bachelor,senior,4019,4
FleetCor,Digital Marketing Specialist (REMOTE),"[""salesforce"", ""tax"", ""social media"", ""rest"", ""go"", ""excel"", ""git"", ""sem"", ""google ads"", ""google analytics"", ""crm"", ""digital marketing"", ""seo""]",,bachelor,senior,10691,13
porkbun,Marketing Content Specialist (Remote),"[""social media"", ""go"", ""email marketing"", ""git"", ""digital marketing""]",,,junior,3035,5
BDS Marketing,"Full Time Digital Marketing Specialist - Columbus, OH","[""social media"", ""go"", ""excel"", ""email marketing"", ""git"", ""google ads"", ""content marketing"", ""google analytics"", ""digital marketing"", ""seo""]",,bachelor,senior,4663,10
Sykes,Customer Service Representative,"[""excel"", ""vue"", ""medical"", ""rust""]",,,senior,1973,4
Macys--Remote,Customer Service Representative ,"[""rest"", ""go"", ""excel"", ""git"", ""medical""]",,bachelor,,3655,5
Test Company,Test position,[],,,,14,0
"Chewy  Phoenix, AZ Remote",Customer Service Representative,"[""go"", ""excel"", ""api"", ""medical""]",,,manager,5165,4
Dynamic Gymnastics,Coach,[],,,manager,660,0
"Honors Holdings, LLC",Fitness Coach,"[""go"", ""excel"", ""cpr"", ""medical""]",,bachelor,mid,3880,4
Onelife Fitness,Strength & Conditioning Coach Jobs at Onelife Fitness – Falls...,"[""rest"", ""go"", ""excel"", ""cpr"", ""sem"", ""medical"", ""aws"", ""rust""]",,bachelor,intern,8411,8
Bread Financial,Fraud Representative,"[""git"", ""aws""]",,,junior,6303,2
Choice Recovery,Marketing Director,[],,,manager,71,0
Blue Frog Solutions | Marketing Agency,HTML and Wordpress Developer,"[""javascript"", ""java""]",,,,607,2
Swifty Web Agency,Wordpress Developer,"[""javascript"", ""go"", ""java""]",,,manager,1122,3
Shopcanal,E-commerce Strategist,[],,,,909,0
Tesla,Data Entry Clerk,[],,,,682,0
Work From Home Toward Jobs,Data Entry Clerk,"[""excel""]",,,,2253,1
Explore Job Search,Data Entry Clerk,[],,,,48,0
Wild Horse Remote Jobs,Data Entry Clerk,"[""go"", ""git"", ""medical""]",,,junior,1851,3
Visron Technical LLC,Data Entry Specialist,"[""go""]",,,,2238,1
SimplyInsured,Data Entry Clerk,"[""medical""]",,,junior,473,1
Kelly Services,Data Entry - Brecksville,"[""tax"", ""go""]",,,,2376,2
Brooklyn Legal Services Corporation A,"Attorney in Brooklyn, NY","[""rest""]",,,,282,1
Yorkson Legal,Landlord Tenant Attorney,[],,,,570,0
"Connors And Sullivan Attorneys At Law, PLLC","Litigation - General/Commercial Attorney in Brooklyn, NY",[],,,,478,0
Brooklyn Legal Services Corporation a,Program Director / Supervising Attorney,"[""tax"", ""social media"", ""rest"", ""go"", ""negotiation"", ""excel"", ""redis"", ""aws""]",,,mid,6768,8
New York City Department of Finance,Enforcement Attorney,"[""tax"", ""go"", ""excel"", ""aws""]",,,senior,5065,4
CAMBA,"Attorney, CAMBA Legal Services, Brooklyn","[""go"", ""excel"", ""medical""]",,phd,senior,3742,3
Brooklyn Defender Services,"Attorney in Brooklyn, NY","[""go"", ""rust""]",,,senior,817,2
Access Justice Brooklyn,Staff Attorney,"[""tax"", ""go"", ""negotiation"", ""medical""]",,,senior,3334,4
FOOD IN MOTION INC.,Sales And Marketing Specialist,[],,,,190,0
JPMorgan Chase,US Sales & Marketing - Consumer Specialist - Executive Director,"[""go"", ""excel"", ""api"", ""react""]",,,senior,3678,4
Prodigy Acquisitions,Sales & Marketing Specialist,"[""excel""]",,,senior,1153,1
"Thom Browne, Inc.",Marketing Specialist,"[""excel"", ""git"", ""digital marketing""]",,bachelor,manager,1793,3
The Trade Desk,Senior Sales Marketing Specialist (Programmatic),"[""salesforce"", ""sales strategy"", ""excel"", ""git"", ""medical""]",,bachelor,senior,4953,5
ROSE,Sales and Marketing Coordinator,"[""social media"", ""go"", ""excel"", ""git"", ""sem"", ""content marketing"", ""seo"", ""medical""]",,,mid,4972,8
Healthfirst,Marketing Specialist,"[""go"", ""excel"", ""git"", ""nursing"", ""seo"", ""medical"", ""rust""]",,bachelor,senior,5441,7
Pragma,Growth Marketing Specialist,"[""excel""]",,,,1782,1
Design Resources Group Architects AIA,Marketing Coordinator,"[""social media"", ""rest"", ""excel"", ""medical""]",,bachelor,senior,2498,4
iDesign Marketing Group,Social Media Manager,"[""copywriting"", ""social media"", ""excel"", ""nursing""]",,,manager,552,4
VirtualVocations,Email marketing specialist,"[""email marketing""]",,,,555,1
Promise Care NJ,Pharmacy Marketing Representative,"[""go"", ""excel""]",,,,1218,2
MedCerts,Career Coach (Remote),"[""salesforce"", ""go"", ""excel"", ""clinical"", ""crm""]",,master,,4384,5
Springboard,Career Coach Waitlist (Part-time/Contract/US Remote),"[""spring"", ""rest"", ""go"", ""agile"", ""crm""]",,,manager,4053,5
Rora (Formerly Ralph),Career Advisor (Career Coach),"[""go"", ""api""]",,,senior,2436,2
App Academy,"Career Coach, Alumni Talent Services","[""rest"", ""go""]",,,mid,4581,2
Medcerts,Career Coach (Remote),"[""salesforce"", ""go"", ""excel"", ""clinical"", ""crm""]",,master,,3549,5
Ancora Education,Career Services Coach-Remote Full Time,"[""go"", ""excel"", ""sem"", ""vue""]",,bachelor,junior,4446,4
Placement,Career Coach,"[""go"", ""negotiation"", ""api""]",,bachelor,mid,2739,3
Pathrise,Career Coach (Remote Accepted),"[""rest"", ""aws""]",,,,2355,2
Punchh,Technical Support Agent (Remote),"[""rest"", ""go"", ""aws""]",,bachelor,junior,3578,3
Genesis Digital LLC,Remote Technical Support Agent,"[""go"", ""git"", ""medical""]",,,senior,3110,3
Alorica,Technical Support Representative - Work from Home!,"[""salesforce"", ""social media"", ""go"", ""excel"", ""medical""]",,bachelor,manager,5951,5
Salesloft,Technical Support Agent (Remote),"[""salesforce"", ""excel""]",,,manager,4822,2
ExecOnline,Part-Time Technical Support Agent (Remote),"[""salesforce"", ""go"", ""api"", ""crm"", ""medical""]",,,manager,5188,5
Live Your Message,Customer Support Agent (remote),"[""social media"", ""rest"", ""go"", ""excel"", ""email marketing"", ""git"", ""react"", ""crm""]",,,senior,5939,8
Altoida,Technical Support Agent (Remote CT/MT/PT USA),"[""go"", ""git"", ""clinical"", ""medical""]",,,senior,3591,4
Minerva Project,Technical Support Agent (Remote),"[""go""]",,bachelor,executive,3175,1
"Solera, Inc.",Tech Support Agent - Remote US,"[""salesforce"", ""go"", ""git"", ""react""]",,,manager,3886,4
University Hospitals Careers,Clinical Educator Part Time,"[""go"", ""excel"", ""api"", ""clinical"", ""nursing"", ""patient care"", ""medical""]",,,senior,1171,7
Cleveland Clinic,Perioperative Educator,"[""go"", ""clinical"", ""nursing""]",,master,senior,2928,3
Soliant,Special Education Teacher 2022/2023 School Year,"[""tax""]",,bachelor,,704,1
KinderCare Education,Teachers at Alpha Park KinderCare,"[""go"", ""cpr"", ""sem"", ""medical""]",,bachelor,junior,2764,4
"The Renaissance Network, Inc.","K-12 Director of Educational Partnerships, Northeast - Remote #1931","[""rest"", ""go"", ""git"", ""agile""]",,master,senior,3372,4
Smith and Hartman Performance Group,Remote Education Advocate,"[""social media"", ""go"", ""lead generation"", ""aws""]",,,senior,2496,4
Abiomed,Cardiology Clinical Educator - Cleveland,"[""go"", ""api"", ""clinical"", ""patient care"", ""medical"", ""aws""]",,bachelor,senior,3091,6
MKTG,"Brand Educator - Cleveland, Ohio (Remote)","[""social media"", ""go"", ""git"", ""rust""]",,,mid,3877,4
UC San Diego Medical Center,Senior Project Manager,"[""go"", ""negotiation"", ""excel"", ""cpr"", ""api"", ""sem"", ""clinical"", ""seo"", ""medical""]",,bachelor,senior,8423,9
Globalization Partners,Project Manager,"[""go"", ""agile"", ""crm""]",,master,mid,6196,3
San Diego State University,Project Manager,"[""go"", ""sem"", ""medical""]",,bachelor,mid,6088,3
Forward Slope Inc.,Project Manager,"[""go"", ""excel"", ""azure"", ""agile"", ""medical""]",,,senior,2482,5
"VSV WINS, INC",Remote Project Manager,"[""crm""]",,master,manager,299,1
BAE Systems,Project Manager/Ship Manager,"[""go""]",,bachelor,manager,3253,1
"Intelliswift Software, Inc.","Remote - Release Project Manager - San Diego, CA or North Carolina","[""go"", ""agile"", ""api""]",,bachelor,senior,3801,3
What Goes Around Comes Around,Sales Associate,"[""go"", ""excel""]",,,junior,1729,2
Fourth Floor,Sales Associate – Luxury Brand in NYC!,"[""aws""]",,,junior,2178,1
Macys,"Manager, Sales and Customer Service","[""go"", ""excel""]",,,junior,4854,2
Home Depot,Customer Service/Sales,"[""medical""]",,,junior,2320,1
BENCO NEW YORK,Sales And Marketing Representative,"[""brand management"", ""sem""]",,,manager,1043,2
ON THIS DAY,Sales Professional,"[""go"", ""excel"", ""git"", ""crm""]",,,manager,2512,4
Gaf,Sales Service Representative,"[""rest"", ""go"", ""negotiation"", ""medical""]",,bachelor,mid,3596,4
Drybar Shops,Sales Associate / Customer Service Representative,"[""excel"", ""sem"", ""aws""]",,bachelor,junior,4412,3
Career-Coach Services ,Career Coach Counselor,"[""rest"", ""go"", ""negotiation"", ""aws""]",,phd,mid,3531,4
"Placement, Inc",Career Coach,"[""go"", ""negotiation"", ""api""]",,bachelor,mid,2671,3
Hope Pay,Remote Work from Home Part Time Data Entry - Entry Level,"[""rest""]",,bachelor,junior,1387,1
NuVasive,"Sales Associate (Providence, RI)","[""sem"", ""clinical"", ""medical""]",,bachelor,junior,4846,3
Symmetry Financial Group,Sales Representative / Sales Associate,"[""go"", ""cold calling""]",,,junior,1980,2
Showcase,Sales Associates- Providence Place,"[""go""]",,bachelor,junior,2438,1
Totally pagoda,"Sales Associate Totally Pagoda,Providence Place Mall","[""excel""]",,,junior,1126,1
Journeys,Part-Time Sales Associate,"[""go""]",,,junior,342,1
West Marine,Sales Associate,"[""rest"", ""go"", ""rust""]",,,junior,2026,3
Boscov's Department Store,Sales Associate- FT,"[""go"", ""excel"", ""medical""]",,,junior,2897,3
Match Group,Software Engineer (Remote),"[""go"", ""excel"", ""gcp"", ""git"", ""sql"", ""api"", ""postgresql"", ""aws""]",,,,3652,8
Applied Insight LLC,Remote Software Developer (Remote),"[""angular"", ""spring"", ""python"", ""kubernetes"", ""rest"", ""go"", ""mongodb"", ""excel"", ""azure"", ""git"", ""agile"", ""sql"", ""api"", ""java"", ""docker"", ""oracle"", ""react"", ""django"", ""microservices"", ""aws""]",,bachelor,mid,6565,20
Windstream,Software Engineer I ( 100% Remote),"[""python"", ""go"", ""excel"", ""azure"", ""git"", ""java""]",,bachelor,manager,3615,6
Climb Credit,Software Engineer (remote),"[""javascript"", ""go"", ""api"", ""java""]",,,junior,3416,4
CyberCoders,Senior / Lead Software Engineer (Remote),"[""rest"", ""go"", ""mysql"", ""sql"", ""api"", ""docker"", ""react"", ""medical""]",,,senior,3026,8
Citrix,Senior Software Engineer -  Virtualization Group - (Remote),"[""rest"", ""go"", ""azure"", ""git"", ""agile"", ""api"", ""medical"", ""aws"", ""rust""]",,master,senior,11035,9
Segrera Associates,Senior Full Stack Software Engineer- Remote,"[""javascript"", ""python"", ""typescript"", ""go"", ""mongodb"", ""excel"", ""git"", ""agile"", ""sql"", ""api"", ""java"", ""vue"", ""docker"", ""react"", ""django"", ""medical"", ""postgresql"", ""aws""]",,,senior,4338,18
USAA,Java Software Engineer - Mid Level (REMOTE),"[""angular"", ""spring"", ""javascript"", ""kubernetes"", ""rest"", ""go"", ""git"", ""agile"", ""api"", ""java"", ""react"", ""medical""]",,bachelor,junior,6027,12
Mizuho,Biotech Equity Research Associate,"[""excel"", ""aws""]",,phd,junior,3091,2
Teaneck Public Schools,Art Teacher,"[""git""]",,,,625,1
TDC,Senior graphic designer,"[""social media"", ""excel"", ""git""]",,,junior,2032,3
HealthCare Support,Remote RN Case Manager,"[""rest"", ""sem"", ""clinical"", ""medical""]",,,manager,2002,4
Cityblock Health,RN Case Manager- REMOTE,"[""go"", ""excel"", ""clinical"", ""nursing"", ""medical""]",,,manager,4221,5
Centene Corporation,Case Manager I - Remote,"[""sem"", ""nursing"", ""medical""]",,bachelor,manager,2098,3
HMA,Remote Case Manager II,"[""hipaa"", ""go"", ""excel"", ""clinical"", ""nursing"", ""medical""]",,bachelor,mid,5012,6
Piper Companies,"Case Manager, RN - Remote","[""clinical"", ""medical""]",,bachelor,manager,1539,2
Symetra Life Insurance Company,Associate New Business Case Manager - Remote,"[""go""]",,,junior,2505,1
MassMutual,DI Case Manager - 100% remote US,"[""git"", ""rust""]",,bachelor,mid,4138,2
Highmark Wholecare,Medical Case Manager - (Remote),"[""go"", ""sem"", ""clinical"", ""nursing"", ""medical""]",,master,senior,7092,5
Dollar General,Sales Associate,"[""rest""]",,,junior,2037,1
Bath & Body Works,Sales Associate-COLONY SQUARE MALL,"[""go""]",,,junior,369,1
Certified Oil,Retail Sales Associate,"[""rest"", ""go"", ""sem""]",,,junior,3160,3
Five Below,Sales Associate,"[""go"", ""excel""]",,,junior,3862,2
rue21,"Part Time Sales - Zanesville, OH",[],,,junior,312,0
KOHLS,Part-Time Retail Sales Associate,"[""excel"", ""rust""]",,,junior,3887,2
choice recovery example,coach,[],,,,36,0
YAI,Therapeutic Coach Team Lead,"[""go"", ""clinical""]",,,senior,1501,2
Orthodox Union,Direct Support Professional/Job Coach,"[""go""]",,,,285,1
Angott Search Group,Human Resources Director,"[""go"", ""aws""]",,bachelor,manager,1104,2
Total Quality Logistics,Human Resources Manager,"[""go"", ""excel"", ""aws"", ""rust""]",,bachelor,senior,2313,4
Jostin Construction,Director human resources,"[""excel"", ""api""]",,bachelor,senior,1206,2
Greater Cincinnati Foundation,"Director, Human Resources","[""rest"", ""go"", ""excel"", ""aws""]",,bachelor,intern,8840,4
"Menard, Inc",Human Resource Coordinator,[],,,manager,1077,0
Crane Co.,"HR Director, Americas","[""go"", ""excel"", ""api"", ""aws"", ""rust""]",,bachelor,senior,9798,5
Aveda Institutes,Human Resources Generalist,"[""go"", ""excel"", ""aws""]",,bachelor,senior,5744,3
strategic HR inc.,Customer Channel Service Representative,"[""go"", ""excel""]",,,manager,2421,2
Shake Shack,Construction Project Manager - Remote,"[""rest"", ""go"", ""seo"", ""medical"", ""aws""]",,bachelor,manager,3319,5
Barry-Wehmiller Design Group,(3) Construction Project Managers (Remote) (industrial structures),"[""go"", ""excel"", ""sem"", ""seo""]",,master,manager,3422,4
Scandinavian Tobacco Group,Construction Project Manager (Remote),"[""rest"", ""go"", ""excel""]",,master,senior,3682,3
CircusTrix,Construction Project Manager (Remote),"[""excel"", ""budgeting"", ""seo""]",,master,manager,3015,3
The Emily Program,Construction Project Manager - Remote,"[""medical""]",,bachelor,senior,2130,1
Cushman & Wakefield,"Project Manager, Construction Manager (Remote), Project ...","[""go""]",,master,senior,2741,1
Raymond Search Group,REMOTE FLEX - Construction Project Manager,"[""rest"", ""go"", ""excel"", ""git"", ""budgeting"", ""react""]",,,manager,6685,6
CBRE,"Construction Project Manager- (Remote in Detroit, Cleveland, or...","[""go"", ""excel"", ""financial analysis"", ""seo""]",,master,mid,5162,4
Blackrock,Real Estate Investment Management Associate (Monsey),"[""rest"", ""go"", ""excel"", ""sem"", ""budgeting""]",,bachelor,junior,4406,5
Creative Financial Staffing (CFS),Senior Financial Analyst,"[""financial reporting"", ""go"", ""excel"", ""financial analysis"", ""api"", ""budgeting""]",,bachelor,senior,1640,6
Optm,"Sr. Software Engineer, Networking (Remote)","[""typescript"", ""rest"", ""go""]",,,senior,2176,3
GitHub,GRC Product Risk Analyst (Remote),"[""rest"", ""go"", ""excel"", ""azure"", ""git"", ""sem"", ""rust""]",,,mid,8434,7
"NITYA Software Solutions, Inc.",Windows Packaging Engineer,[],,,manager,1014,0
Tempus,Engineering Lead - Analytics Platform,"[""python"", ""go"", ""agile"", ""api"", ""docker"", ""clinical"", ""aws""]",,,senior,3036,7
"Holman Frenia Allison, PC","Holman Frenia Allison, PC Hiring for Audit Staff Accountant Job at...","[""tax"", ""excel"", ""sem"", ""auditing"", ""medical""]",,bachelor,intern,2270,5
Church & Dwight Careers,Accounting Clerk,"[""excel"", ""sem"", ""sap""]",,bachelor,senior,2366,3
First Commerce Bank,"Senior Accountant, Banking (Lakewood)","[""tax"", ""financial reporting"", ""go"", ""excel"", ""auditing"", ""medical"", ""aws"", ""gaap"", ""rust""]",,bachelor,senior,4144,9
Spherion,Audit Staff Accountant,"[""tax"", ""excel"", ""sem"", ""auditing"", ""medical""]",,bachelor,intern,3118,5
Beech Valley Solutions,"Assurance Senior, Public Accounting","[""rest"", ""go"", ""auditing""]",,,junior,2391,3
Vita Healthcare Group,Accountant,"[""quickbooks"", ""excel"", ""bookkeeping"", ""nursing""]",,bachelor,junior,1538,4
Robert Half Accountemps,Accountant,"[""financial reporting"", ""go"", ""excel""]",,,senior,1761,3
Resource Solutions,Business Development Specialist,"[""salesforce"", ""go"", ""excel""]",,bachelor,manager,2426,3
Care365 Homecare,Business Development Associate,[],,,junior,1544,0
Stand 8 Technology Services,Business Development Manager - Talent and Technology Solutions,"[""social media"", ""rest"", ""go"", ""negotiation"", ""excel"", ""api""]",,bachelor,senior,2451,6
City Wide Facility Solutions,Business Development Specialist,"[""social media"", ""rest"", ""excel"", ""cold calling"", ""crm"", ""lead generation""]",,bachelor,senior,3130,6
First Solar,Business Development & Sales Analyst II,"[""salesforce"", ""go"", ""excel"", ""api"", ""crm"", ""aws""]",,master,manager,5013,6
European Recruitment,Business Development Manager (Monsey),"[""rest""]",,,manager,1029,1
GLG,Manager Business Development,"[""account management""]",,bachelor,manager,3302,1
Carta,Business Development Manager Private Equity,"[""salesforce"", ""tax"", ""go"", ""medical"", ""aws""]",,master,senior,5212,5
Direct TV,Sr Manager - Business Development,"[""go"", ""negotiation"", ""excel"", ""git"", ""sem""]",,,senior,3660,5
Legal Marketing And Staffing,Information Technology System Administrator,"[""rest"", ""go"", ""excel"", ""medical""]",,master,senior,3598,4
TPD® Workforce & HR Solutions,"Systems Administrator, IT (Brooklyn, NY)","[""rest"", ""go"", ""azure"", ""gcp"", ""auditing"", ""medical"", ""aws""]",,bachelor,senior,6894,7
Vera Institute of Justice,"Systems Administrator, IT (Brooklyn, NY)","[""rest"", ""go"", ""azure"", ""gcp"", ""auditing"", ""medical"", ""aws""]",,bachelor,senior,6878,7
"Core BTS, INC.",Network and Systems Administrator (On-Site ~ NOT REMOTE),"[""go"", ""excel"", ""git""]",,,senior,2787,3
Dwight School,Network and Systems Administrator,"[""rest"", ""go"", ""azure"", ""api"", ""rust""]",,bachelor,senior,5733,5
Corning Federal Credit Union,It Systems Administrator Ii,"[""excel""]",,bachelor,,812,1
Marcus & Millichap,Network Systems Admin,"[""go"", ""sql"", ""api"", ""sem"", ""medical"", ""aws""]",,,intern,4679,6
Brooklyn Public Library,Systems Administrator,"[""excel"", ""sql"", ""api""]",,master,senior,3771,3
AHRC New York City,Systems Administrator,"[""excel"", ""aws""]",,bachelor,manager,2089,2
TBC Retail Group,Regional Sales Manager,"[""rest"", ""go"", ""excel"", ""sem"", ""medical"", ""rust""]",,bachelor,senior,4592,6
AM Retail Group - Karl Lagerfeld Paris,Assistant Sales Manager - Full Time,"[""go"", ""excel"", ""medical""]",,bachelor,junior,2488,3
Work With Your Handz,Service Manager,"[""rest"", ""go"", ""api"", ""medical"", ""aws"", ""rust""]",,,senior,3479,6
ProActivate,Regional Sales Manager,[],,,manager,577,0
Syntax Systems Ltd,"Regional Sales Director, SAP - NE - United States","[""tax"", ""excel"", ""oracle"", ""sap"", ""aws""]",,,manager,1509,5
AVer USA,"Regional Sales Manager, Video Conferencing (East)","[""go"", ""negotiation"", ""excel"", ""medical"", ""aws""]",,bachelor,senior,3805,5
PNC Financial Services Group,Sales Leader I - Business Banking Sales Manager,"[""go"", ""sem"", ""medical"", ""rust""]",,phd,mid,7586,4
LG Electronics North America,Regional Sales Manager - Air Solutions NE,"[""excel"", ""account management""]",,master,senior,2629,2
Nancy Hill Agency,Licensed Insurance Agent Remote Executive Sales Manager,"[""go"", ""excel"", ""git"", ""lead generation""]",,,senior,2789,4
Gallin Associates,Sales leader,"[""financial analysis""]",,bachelor,,748,1
CreateMe,Senior Director Finance,"[""tax"", ""go"", ""excel"", ""api"", ""ifrs"", ""seo"", ""medical"", ""gaap""]",,bachelor,senior,4314,8
Project FIND,Director of Finance,"[""go"", ""excel"", ""budgeting"", ""aws"", ""rust""]",,master,junior,4455,5
Eastern Union,Financial Analyst,"[""excel""]",,bachelor,,1287,1
Flywheel Technologies,VP of Finance (East Meadow),"[""financial reporting"", ""rest"", ""go"", ""financial analysis"", ""budgeting""]",,,mid,5058,5
The Execu - Search Group,Director - FP&A / Corporate Finance,"[""tax"", ""go"", ""excel"", ""budgeting""]",,bachelor,senior,1023,4
Montefiore Health System,Director Financial Business Management (Freeport),"[""go"", ""excel"", ""api"", ""clinical"", ""sap"", ""redis"", ""medical""]",,master,junior,2852,7
Utica Mutual Insurance Company,Chief Financial Officer,"[""tax"", ""financial reporting"", ""go"", ""excel"", ""api"", ""medical"", ""aws""]",,bachelor,mid,6658,7
Scotiabank,"Associate Director, Global Capital Markets Documentation, GBM...","[""tax"", ""rest"", ""go"", ""negotiation"", ""excel"", ""api""]",,master,junior,4976,6
Bennett Gaynor ,Furniture Product Sales Liasion,"[""rest"", ""go""]",,,,1403,2
Central Office,Data Analyst/Manager,"[""emr"", ""clinical""]",,bachelor,senior,2905,2
Montblanc,"Manager, Data Analytics","[""go"", ""excel"", ""git"", ""rust""]",,,manager,1340,4
Michael Page International,Data Analyst Manager,"[""python"", ""sql""]",,,manager,1242,2
StrongArm Technologies,Senior Data Analyst,"[""python"", ""rest"", ""go"", ""excel"", ""git"", ""sql"", ""auditing""]",,,senior,6566,7
Facebook App,Analytics Manager,"[""python"", ""excel"", ""sql"", ""medical"", ""rust""]",,bachelor,senior,3228,5
Publicis Sapient,Marketing Analytics Manager,"[""rest"", ""go"", ""git"", ""sem""]",,,senior,3071,4
"Rising Ground, Inc",Data Management Analyst for Netsmart,"[""go"", ""api"", ""emr""]",,master,senior,2812,3
Illumina,"Associate Project Manager, IVD Product Development (San Diego, CA)","[""go"", ""negotiation"", ""excel"", ""api"", ""clinical"", ""medical""]",,master,junior,3252,6
Amazon,"Sr. Product Marketing Manager - Growth, Music Industry","[""salesforce"", ""git"", ""lead generation""]",,,senior,5069,3
"Amazon.com Services, Inc.","Marketing Program Manager, B2B","[""go"", ""excel"", ""api"", ""medical""]",,bachelor,manager,3680,4
United Nations Federal Credit Union,Systems Analyst - Appserver Admin,"[""go"", ""git"", ""sql"", ""oracle""]",,bachelor,mid,3205,4
Hispanic Outlook,Administrative Executive Assistant - Building Operations,"[""rest"", ""go"", ""excel"", ""medical""]",,bachelor,junior,5356,4
Toll International LLC,Office Administrator,"[""tax"", ""go"", ""excel"", ""bookkeeping"", ""budgeting""]",,bachelor,manager,4637,5
Executive Excellence,"Academic Dean, VOICE Charter School","[""salesforce"", ""tax"", ""rest"", ""go"", ""excel"", ""api"", ""sem""]",,master,mid,11601,7
Clinical Management Consultants,Assistant RN Manager Telemetry - Night shift,"[""rest"", ""excel"", ""nursing""]",,bachelor,senior,2120,3
Walter P Moore,Project Management Administrator,"[""aws""]",,master,senior,3173,1
Queens Surgical Center,Nurse Administrator,"[""clinical"", ""nursing"", ""medical""]",,,senior,1794,3
Physician Affiliate Group of NY,Administrative Assistant,"[""go"", ""excel"", ""sem"", ""clinical"", ""seo"", ""medical"", ""aws""]",,,,3732,7
"SBM Management Services, LP",Site Administrative Assistant,"[""go"", ""excel""]",,master,manager,1842,2
IQVIA,Sr. HR Business Partner (Hybrid/Remote Role),"[""go"", ""excel"", ""clinical""]",,bachelor,junior,3483,3
DoorDash,Senior HR Business Partner,"[""rest"", ""go"", ""excel"", ""api"", ""sem""]",,,senior,5476,5
Scale,HR Generalist,"[""excel"", ""api"", ""aws""]",,,,4389,3
Nielsen,HR Initiatives Program Lead (Remote),"[""social media"", ""go"", ""rust""]",,,mid,4161,3
Veterans Health Administration,Federal - Nursing Assistant Inpatient Mental Health West,"[""go"", ""nursing""]",,,,151,2
"Veterans Affairs, Veterans Health Administration",Nursing Assistant (Inpatient Mental Health),"[""go"", ""sem"", ""react"", ""clinical"", ""nursing"", ""patient care"", ""medical""]",,bachelor,junior,12689,7
"Veterans Health Administration, Department of Veterans Affairs",Nursing Assistant (Inpatient Mental Health),"[""go"", ""sem"", ""react"", ""clinical"", ""nursing"", ""patient care"", ""medical""]",,bachelor,junior,8010,7
The Hire Mark,Sylmar Certified Nursing Assistant CNA for Psychiatric lockdown...,"[""medical""]",,,,339,1
US Veterans Health Administration,Nursing Assistant (Inpatient Mental Health),"[""go"", ""sem"", ""react"", ""clinical"", ""nursing"", ""patient care"", ""medical""]",,bachelor,junior,23924,7
Meadowbrook Behavioral Health,Certified nursing assistant,"[""nursing""]",,,,247,1
Sutter Health,Nurse Practitioner - Icu Davies - Pd,"[""nursing"", ""patient care"", ""medical"", ""aws""]",,,,2396,4
Marina del Rey,"Mental Health Worker/CNA, Full Time, Nights","[""excel"", ""patient care""]",,,senior,1294,2
The Carrington Team,Real Estate Agent - Training Provided,"[""tax"", ""rest"", ""go"", ""negotiation"", ""excel""]",,,,1961,5
Marcus and Millichap,Entry-Level Commercial Real Estate Agent,"[""spring"", ""go"", ""excel""]",,master,junior,4785,3
Keller Williams Realty,Real Estate Agent - Training Provided,"[""rest"", ""excel""]",,,,1373,2
BH Properties,Realtor,"[""crm""]",,,junior,1782,1
EXIT Realty Top Properties NY,Real Estate Agent,"[""go"", ""lead generation""]",,,senior,790,2
Riseboro Community Partnership,VP Real Estate,"[""tax"", ""rest"", ""go"", ""excel"", ""api""]",,master,senior,6443,5
Venezia Realty Group LLC,Real Estate Agent,[],,,,371,0
Creative Real Estate Pros Rr,Creative Real Estate Agent in Nyc (We Train You),"[""excel"", ""api"", ""sap""]",,bachelor,junior,2592,3
Highline Residential Technology,Real Estate Agent,"[""social media"", ""go"", ""excel"", ""api"", ""sem"", ""crm"", ""seo""]",,,senior,5487,7
"11 Jo-Ann Stores Support Center, Inc.","Coordinator, Customer Care Center","[""social media"", ""go"", ""excel"", ""sap""]",,bachelor,junior,3148,4
PNC Bank,Investment Service Partner – Customer Service Rep – REMOTE OPTION,"[""go"", ""sem"", ""medical""]",,bachelor,manager,6123,3
"FASTSIGNS® OF DOWNTOWN CLEVELAND, OH",Customer Service Representative / Inside Sales,"[""rest"", ""go"", ""excel"", ""seo"", ""medical""]",,bachelor,manager,2580,5
Embrace Pet Insurance,Customer Care Embracer,"[""go"", ""sem""]",,,,3497,2
National Asset Recovery Specialists,Customer Support Specialist,"[""go"", ""excel"", ""medical""]",,bachelor,manager,1698,3
Staffing Solutions Enterprises,Editor (Remote or Onsite),"[""copywriting"", ""go"", ""excel"", ""sap""]",,bachelor,,1178,4
Angi,"Director, Strategy & Operations","[""excel"", ""sql"", ""api"", ""medical""]",,,senior,2862,4
Resilience,Sr. Director/Head of Strategy and Business Operations,"[""go"", ""excel"", ""git"", ""agile""]",,phd,senior,4446,4
RSM US LLP,Management Consulting Director- Strategy and Operations (San...,"[""go"", ""excel"", ""api"", ""budgeting"", ""crm""]",,master,manager,4654,5
Alliance Healthcare Foundation,Sr. Director of Strategy & External Relations,"[""rest"", ""go"", ""excel"", ""rust""]",,,senior,1354,4
Circle,"Manager, Business Strategy And Operations","[""go"", ""excel"", ""git"", ""api""]",,,senior,4384,4
Qualcomm,"Director / Sr Director, Strategic Operations Management (Product ...","[""go"", ""negotiation"", ""excel"", ""git"", ""api"", ""sem"", ""sap"", ""medical"", ""rust""]",,bachelor,senior,6367,9
ServiceNow,Staff Strategic Operations Manager,"[""rest"", ""go""]",,bachelor,senior,6732,2
Sunrise Systems Inc,Project Manager - Strategy & Operations Transformation Lead,"[""salesforce"", ""excel"", ""crm"", ""medical""]",,,senior,935,4
Rocket Pharmaceuticals,"Vice President, Head of Global Medical Affairs","[""go"", ""excel"", ""gcp"", ""api"", ""clinical"", ""medical"", ""aws""]",,bachelor,manager,5335,7
GPAC,PCA & ESA (Phase 1 & 2) Vice President,"[""excel"", ""aws""]",,,executive,2078,2
Spire Learning,Vice President/Sr. Director Business Development - CME,"[""rest"", ""clinical"", ""medical""]",,bachelor,senior,3629,3
Molina Healthcare,"VP, Healthcare Services","[""rest"", ""go"", ""clinical"", ""nursing"", ""auditing"", ""medical""]",,master,senior,4384,6
Pepper Pike Capital Partners LLC,Vice President of Operations - Indianapolis & St. Louis,"[""go"", ""financial analysis"", ""api""]",,,manager,1834,3
Cynet Systems,Senior Embedded C++ Developer,[],,,senior,2328,0
"Technology Consulting, Inc.",C++ Embedded Engineer,"[""medical""]",,,,2148,1
Talent Search PRO,"Specialist, Embedded C++ Software Engineer",[],,master,junior,1819,0
Forward Air,Owner Operators Just Announced: Largest rate increase in Forward...,"[""sem""]",,,,1213,1
Red Robin,Hosts / Hostesses,"[""rest"", ""go""]",,,,2356,2
SYNERGY HomeCare of Clifton-Secaucus,Astonishing Homecare Drivers,"[""go"", ""cpr"", ""medical""]",,,,1934,3
ClearanceJobs,C++ Embedded Engineer with Security Clearance,"[""medical""]",,,,2374,1
Randstad Technologies,Software Engineering,"[""medical""]",,bachelor,,2925,1
Provident Bank,Banking Center Supervisor,"[""go"", ""excel""]",,,senior,4940,2
Digital Performance Marketing Group,Application Development -L6,"[""go"", ""api"", ""rust""]",,bachelor,,3516,3
Build Zoom,Project Manager,"[""excel"", ""aws""]",,,manager,3057,2
 Johnson Creek Development,Commercial Construction Manager,"[""go"", ""sem"", ""seo"", ""medical""]",,bachelor,manager,2782,4
DeliverHealth,Corporate Recruiter (Remote),"[""go"", ""excel"", ""aws"", ""rust""]",,,intern,4632,4
Axon,Technical Sourcing Recruiter (US Remote),"[""rest"", ""excel""]",,,senior,4049,2
CareRev,Corporate Recruiter,"[""social media"", ""go"", ""negotiation"", ""excel"", ""api"", ""sem"", ""medical"", ""rust""]",,,manager,4073,8
GoDaddy,Senior Tech Recruiter (Remote),"[""go"", ""medical""]",,,senior,3499,2
Oomnitza,Full-Cycle Recruiter (Remote),"[""go"", ""api"", ""rust""]",,,manager,2995,3
DISQO,Senior Corporate Recruiter (Contract) - (Remote - US),"[""social media"", ""go"", ""git"", ""medical"", ""aws"", ""rust""]",,,senior,5069,6
Edlabs,Data Analytics Senior Mangager,"[""hipaa"", ""oracle""]",,bachelor,senior,2654,2
MCPc,Marketing Intern,"[""go"", ""excel"", ""git"", ""api"", ""rust""]",,bachelor,intern,3201,5
Absolutely Amazing Travel,Marketing Intern,"[""social media"", ""excel""]",,,intern,276,2
AEG,Marketing Communications Intern - Fall 2023,"[""spring"", ""social media"", ""go""]",,master,intern,6509,3
Cleveland Metroparks,Marketing Intern,"[""social media"", ""go"", ""git"", ""google analytics"", ""digital marketing""]",,bachelor,intern,2810,5
Health Action Council Ohio,Marketing & Communications Intern,"[""social media"", ""go"", ""excel""]",,,intern,2576,3
Biblionasium.com,Digital Marketing Internship at EdTech Start-up,"[""social media"", ""rest"", ""go"", ""git"", ""content marketing"", ""digital marketing""]",,bachelor,intern,2955,6
Matthews Real Estate Investment Services™,Sales Intern (CLE),"[""go"", ""excel"", ""cold calling"", ""crm"", ""lead generation""]",,bachelor,intern,2788,5
Great Lakes Publishing,Advertising Design Intern - 2022,"[""sem""]",,,intern,716,1
JB Associates,Social Media and Marketing Intern,"[""social media""]",,,intern,672,1
Behaviorally,VP Client Development,"[""rest"", ""go"", ""excel"", ""git"", ""sem"", ""redis"", ""medical""]",,bachelor,senior,4897,7
Digitas North America,"Senior Analyst, ECommerce, Search Marketing","[""go"", ""excel"", ""git"", ""sem"", ""account management""]",,,mid,3693,5
Aspire Partners USA,Fractional CEO - B2B - Remote,"[""rest"", ""go""]",,,executive,2660,2
CECP,Executive Assistant to the CEO,"[""salesforce"", ""quickbooks"", ""rest"", ""go"", ""excel"", ""crm"", ""rust""]",,bachelor,senior,5102,7
Juno Search Partners - Open Positions,Executive Assistant to CEO,"[""excel""]",,master,senior,2361,1
New York Public Radio,Chief Executive Officer,"[""go"", ""excel"", ""git"", ""api"", ""rust""]",,,senior,8921,5
Handshake,"Senior Strategy Lead, Office of the CEO","[""spring"", ""rest"", ""go"", ""excel"", ""sql"", ""api"", ""medical"", ""rust""]",,master,senior,6888,8
Juliet,CEO/Co-Founder,"[""go"", ""excel""]",,,senior,5102,2
ChatterBoss,Executive Assistant to CEO at Chartis Federal (Hybrid: Remote ...,"[""go"", ""excel""]",,bachelor,senior,3121,2
Systems Administrator,"The Judge Group  New York, NY","[""go"", ""azure"", ""aws""]",,bachelor,manager,3419,3
Adorama,Systems Administrator,"[""go"", ""excel""]",,,manager,2034,2
Talent,Sr. System Administrator,"[""go"", ""java"", ""oracle"", ""sap""]",,bachelor,senior,4384,4
"The Computer Merchant, Ltd",Systems administrator,"[""go"", ""medical""]",,bachelor,manager,2542,2
Penske Media Corporation,Systems Administrator,"[""rest"", ""go"", ""git"", ""api"", ""medical"", ""aws""]",,,manager,5925,6
Imagine     United States Remote,Business Development Executive,"[""salesforce"", ""go"", ""excel"", ""git"", ""account management""]",,master,mid,3019,5
YipitData,Business Development Executive,"[""tax"", ""go"", ""financial analysis"", ""sem"", ""rust""]",,master,senior,4420,5
Usc Consulting Group Lp,Business Development Executive /Remote with Travel/ - with Growth...,"[""excel"", ""cold calling""]",,,senior,3351,2
NBA (National Basketball Association),"Global Business Development, Business Solutions Specialist","[""social media"", ""rest"", ""brand management"", ""go"", ""negotiation"", ""git"", ""medical""]",,bachelor,senior,4562,7
"Mackinnon Bruce International (Staffing Agency)   New Jersey, United States   Hybrid",Senior Accountant,"[""go"", ""excel"", ""oracle"", ""sap""]",,,senior,1724,4
"Atlantic Group (Staffing Agency)  Monmouth County, NJ On-site ",Assistant Controller- Construction Industry,"[""excel"", ""gaap""]",,bachelor,manager,963,2
Liberty Mutual Insurance  United States    Remote,Sr Accountant,"[""financial reporting"", ""rest"", ""go""]",,,senior,2746,3
LHH,Assistant Controller,"[""rest"", ""excel""]",,bachelor,manager,1834,2
"CoventBridge Group  Columbus, OH On-site",Investigator - Network Services,"[""go"", ""sem"", ""medical""]",,bachelor,junior,2616,3
U.S. Secretary of the Treasury,Criminal Investigator (Special Agent),"[""tax"", ""rest"", ""go""]",,,,2754,3
MSI Systems Corp.,"Senior Accountant - Florham Park, NJ","[""quickbooks"", ""excel"", ""sem"", ""gaap""]",,bachelor,senior,1376,4
"Tractor Supply Company    Ohio, United States   Remote ", Construction Project Manager,"[""go"", ""negotiation"", ""budgeting"", ""seo""]",,bachelor,manager,3219,4
Harris    United States    Remote,Construction Project Manager,[],,bachelor,manager,1675,0
Redfin,Real Estate Agent - Cleveland (Future Opportunities),"[""go"", ""negotiation"", ""sem"", ""medical""]",,,senior,4394,4
Tier2Tek Real Estate Jobs,"Real Estate Sales Agent (Draw + Commission) Remote - Cleveland, OH","[""go"", ""crm""]",,,junior,2270,2
RED Diamond Realty,Real Estate Agent,"[""go""]",,,senior,1322,1
Triv Team,Entry Level Real Estate Agent,"[""rest"", ""go"", ""budgeting""]",,bachelor,junior,2092,3
Divvy Homes,Senior Real Estate Agent (Cleveland),"[""rest""]",,,senior,1617,1
City National Bank    United States    Remote,Card Fraud/Servcg Spec,"[""go"", ""excel"", ""git"", ""sap""]",,bachelor,senior,4745,4
Jack Henry & Associates  United States    Remote ,Remote Fraud Support Call Center Representative (CCC),"[""go"", ""git""]",,,mid,2837,2
Johns Hopkins Medicine,Youth Career Coach,"[""hipaa"", ""rest"", ""go"", ""medical""]",,master,mid,4321,4
Jewish Community Services,Career Coach,"[""tax"", ""rest"", ""go"", ""excel""]",,master,,2419,4
Columbia University,Executive Assistant - Cardiology,"[""rest"", ""go"", ""excel"", ""sem"", ""medical""]",,bachelor,mid,5125,5
Directv,Executive Assistant,"[""sem""]",,,manager,2732,1
Lear Corporation,Customer Service Representative,"[""rust""]",,bachelor,junior,1265,1
Rockland,E-Commerce Account Manager,"[""go"", ""negotiation"", ""excel"", ""account management"", ""rust""]",,,manager,1881,5
New York & Company,Sr. Manager E-Commerce Operations (Monsey),"[""tax"", ""go"", ""excel"", ""git"", ""google analytics"", ""digital marketing"", ""seo""]",,bachelor,senior,3090,7
Allegion Plc,"Senior Director, Sales - Retail & E-Commerce (Monsey)","[""sales strategy"", ""go"", ""api"", ""sem"", ""budgeting""]",,master,senior,7958,5
MSNBC,"Vice President, Marketing","[""go"", ""git"", ""account management""]",,bachelor,senior,5771,3
"Localize.city, Inc.",VP Marketing,"[""social media"", ""go"", ""email marketing"", ""sem"", ""content marketing"", ""crm"", ""rust""]",,,senior,3106,7
BlackRock,"Integrated Marketing, VP (Retirement Group)","[""rest"", ""go"", ""email marketing"", ""git"", ""sem"", ""content marketing"", ""lead generation""]",,,senior,5565,7
NBC,"Vice President, Marketing, MSNBC","[""go"", ""git"", ""account management""]",,bachelor,senior,5676,3
Kashable,Vice president marketing,"[""go"", ""git"", ""digital marketing"", ""seo""]",,,senior,3654,4
Citigroup Inc,"Senior Business Associate, VP","[""rest"", ""go"", ""excel"", ""api""]",,bachelor,junior,5261,4
Guggenheim Museum,"Associate, Corporate Development","[""salesforce"", ""rest"", ""go"", ""excel"", ""crm""]",,bachelor,junior,5225,5
Extell Development Company,Development Associate,"[""go"", ""negotiation"", ""excel"", ""api"", ""medical""]",,master,junior,3506,5
The Asian American Foundation,Development Associate,"[""salesforce"", ""excel"", ""api"", ""crm""]",,bachelor,junior,3803,4
REFORM Alliance,"Development Associate, Philanthropy","[""salesforce"", ""go"", ""excel"", ""git"", ""crm"", ""aws""]",,,intern,4872,6
Propel,Business Development Associate,"[""rest"", ""go"", ""excel"", ""git""]",,,junior,3118,4
Azzure Home,Product Development Associate in NYC,"[""go"", ""api""]",,,junior,1537,2
Central Synagogue,Development Associate,"[""salesforce"", ""go"", ""excel"", ""sem""]",,bachelor,junior,6458,4
Bank of America,Biotech Equity Research Associate,"[""go"", ""medical""]",,bachelor,intern,1654,2
Wedbush Securities,"Equity Research Associate, Biotechnology","[""excel"", ""api"", ""redis"", ""medical""]",,bachelor,junior,2463,4
BMO Capital Markets Corp.,Equity Research Associate - Biotechnology,"[""rest"", ""go"", ""excel"", ""api""]",,phd,junior,4955,4
Testing,test,[],,,,15,0
"Salem Media of Ohio, Inc.",Broadcast Media Sales,"[""social media"", ""go"", ""email marketing"", ""git""]",,bachelor,manager,2147,4
Zebra Technologies,Dir Software Solutions Sales Senior,"[""go"", ""excel"", ""api"", ""lead generation""]",,bachelor,senior,6327,4
American Chemical Society,"Business Analyst, ACS Publications Sales","[""go"", ""excel"", ""sql""]",,master,senior,3622,3
Tapestry,Art director,"[""social media"", ""go"", ""git"", ""rust""]",,bachelor,senior,6222,4
BET,Art Director,"[""go"", ""git""]",,,junior,5595,2
Group SJR,Senior Art Director,"[""social media"", ""rest"", ""go"", ""excel"", ""git"", ""content marketing"", ""rust""]",,,senior,5293,7
"Marsh & McLennan Companies, Inc.",Video Art Director,"[""social media"", ""git""]",,bachelor,senior,3834,2
The Ohio State University Wexner Medical Center,Program Coordinator,"[""rest"", ""sem""]",,master,intern,2708,2
Columbus City Schools,Program Coordinator - Adult And Community Education,"[""go"", ""sem""]",,bachelor,mid,6287,2
Steiner NYC LLC,Executive Assistant to CEO,"[""go"", ""excel""]",,bachelor,senior,2562,2
CA Department of Corrections & Rehabilitation,EXECUTIVE ASSISTANT,"[""rest"", ""go"", ""sem"", ""medical"", ""rust""]",,,senior,9070,5
Fanatics,Executive Assistant - New York Office,"[""git""]",,,executive,328,1
Mini-Circuits Job Opportunities,Executive Administrator,"[""rest"", ""go"", ""excel"", ""sem""]",,bachelor,mid,6033,4
Dealmed,Executive Assistant,"[""rest""]",,,manager,1863,1
LanceSoft Inc,Executive Assistant,"[""excel"", ""api"", ""sem""]",,bachelor,junior,2986,3
ABC,Executive Assistant to President,"[""rest"", ""go"", ""sap""]",,bachelor,mid,5622,3
Foot Locker,Sales Associate,"[""go"", ""excel"", ""seo""]",,,junior,2031,3
Plantlife Cannabis,Sales Associate - Dalhousie,"[""social media"", ""go"", ""api""]",,,junior,1969,3
Hertz,Customer Service Sales Associate,"[""sem""]",,,junior,1758,1
Urban Barn,Part-Time Sales Associate | Crowfoot,[],,,junior,1893,0
WOW! mobile boutique,Sales Associate Full Time - Market Mall,"[""rest"", ""go"", ""excel"", ""rust""]",,,junior,3748,4
One Stop Convenience & Grocery Store,sales associate,[],,,junior,753,0
EG -,Retail Sales Assistant,[],,,junior,727,0
Torrid,Sales Associate,"[""sem""]",,,junior,2092,1
"The TJX Companies, Inc.  Columbus, OH   On-site",Loss Prevention (LP) Detective,"[""rest"", ""go"", ""excel"", ""aws""]",,,junior,3495,4
Equal Employment Opportunity Commission,Investigator Support Assistant (OA),"[""rest"", ""go"", ""sem"", ""aws""]",,,executive,5233,4
Pickerington Local School District,Special education coordinator,"[""go"", ""aws""]",,,senior,1002,2
Franklin University,"Field Placement Coordinator, School of Education","[""go"", ""clinical""]",,phd,manager,3821,2
AMB,Data Entry Operator Remote (Remote),[],,,junior,1226,0
Armanino,Data Entry Specialist,"[""tax"", ""rest"", ""go"", ""excel"", ""api"", ""crm"", ""aws""]",,bachelor,manager,3975,7
"Dimech Services, Inc",Data Entry Operator - REMOTE,"[""go"", ""excel"", ""git""]",,master,mid,1868,3
Rubber-Cal,Data Entry - Work from Home - International Applicants Accepted,"[""go"", ""excel"", ""crm"", ""aws"", ""rust""]",,,mid,3097,5
Hallmark,Retail Sales Associate (part-time) - 162,"[""rest"", ""go""]",,,junior,5349,2
Noble People,Content Creator,"[""tax"", ""social media"", ""rest"", ""excel"", ""git"", ""api"", ""sem"", ""seo"", ""medical""]",,,manager,4982,9
Major League Baseball,Live Content Creator (Seasonal),"[""social media""]",,,,2336,1
Bespoke Post,Social Content Creator (TikTok & Reels Specialist),"[""social media"", ""go""]",,,mid,1566,2
Michael Page International Inc.,Large Law Real Estate Associate Attorney,"[""tax"", ""go"", ""excel"", ""git"", ""medical""]",,bachelor,junior,2293,5
BCG Attorney Search,Commercial Litigation Attorney,"[""excel""]",,,,929,1
TrialSpark,Commercial Contracts Attorney,"[""rest"", ""go"", ""api"", ""clinical""]",,bachelor,,2827,4
"HCA Healthcare  Jacksonville, FL On-site",Medical Office Specialist,"[""go"", ""patient care"", ""medical""]",,,senior,3718,3
"Baptist Health  Jacksonville, FL On-site","Office Specialist I, Behavioral Health, Full Time/Days","[""rest"", ""excel"", ""medical""]",,bachelor,,1919,3
La-Z-Boy of Central NJ,Retail Furniture Sales Consultant,"[""go"", ""sem"", ""crm""]",,,junior,1801,3
Rochester City School District,Principals - Secondary - Locations TBD,"[""spring"", ""rest"", ""go"", ""rust""]",,master,senior,8490,4
University of Rochester,Associate Professor/Professor (TBD) - 230572,"[""go"", ""excel"", ""clinical"", ""nursing"", ""medical""]",,phd,junior,3443,5
Motivate LLC,Assistant Manager,"[""rest"", ""go"", ""excel"", ""medical""]",,,senior,3866,4
ATLANTIS MANAGEMENT GROUP LLC,Assistant Manager- NYC,"[""excel"", ""medical""]",,,manager,1180,2
Estee Lauder Companies,"Assistant Manager, Social Media, La Mer","[""social media"", ""rest"", ""go"", ""excel"", ""medical"", ""aws""]",,bachelor,senior,5946,6
LULULEMON,"Assistant Manager, Operations | Nyc Downtown (Multiple Locations)",[],,,manager,2592,0
"HCA Florida Memorial Hospital​  Jacksonville, FL On-site",Patient Care Tech,"[""go"", ""nursing"", ""seo"", ""patient care"", ""medical""]",,,mid,4290,5
"R1 RCM     Jacksonville, FL     On-site",Patient Access Representative,"[""rest"", ""go"", ""excel"", ""sem"", ""patient care"", ""medical"", ""rust""]",,,,4048,7
HCA Healthcare,Registrar,"[""sem"", ""nursing"", ""medical""]",,,senior,2223,3
State of Indiana,Clerical Assistant,"[""go"", ""excel"", ""sem"", ""medical""]",,,senior,4898,4
Bosworth Hospitality Partners,File Clerk Remote,"[""go""]",,master,manager,1072,1
Knowledge Services,Admin/Clerical Recruiter,"[""go"", ""medical"", ""aws""]",,,,3217,3
Sarcoma Foundation of America  United States   Remote,"Sr Mgr, Outreach and Engagement","[""go"", ""api"", ""clinical"", ""medical""]",,bachelor,senior,3556,4
Circle Medical - a UCSF Health Affiliate  United States   Remote ,Escalations Specialist - Customer/Patient Experience Coordinator - Full Time Contract/Remote,"[""excel"", ""git"", ""patient care"", ""medical"", ""aws""]",,,junior,5679,5
"Wyckoff Heights Medical Center  Brooklyn, NY 11237",Part-time   Patient Advocate,"[""medical""]",,bachelor,junior,2662,1
Veeva Systems,"Senior Director, Digital Marketing - Remote","[""go"", ""excel"", ""git"", ""agile"", ""api"", ""sem"", ""google analytics"", ""digital marketing"", ""seo"", ""aws""]",,,senior,4034,10
A Media.Monks Company,"Director, Digital Strategy","[""salesforce"", ""rest"", ""excel"", ""git"", ""crm"", ""digital marketing"", ""medical"", ""aws""]",,bachelor,senior,4773,8
Upworks,Virtual administrative assistant,"[""go"", ""excel""]",,,,1272,2
Virtual Vocations,Remote Administrative Assistant,"[""go""]",,,,511,1
RemoteWorker USA,REMOTE Data Entry/Auditor,"[""tax"", ""go"", ""excel"", ""auditing""]",,,,2624,4
TarriTechnics,Work From Home - BEGIN IMMEDIATELY - Data Entry Clerk,"[""social media"", ""rest"", ""go""]",,,junior,1869,3
BairesDev,Data Entry Specialist,"[""excel""]",,,,2401,1
Apprentice Now,Software Developer- Entry Level,"[""excel"", ""sem"", ""medical""]",,bachelor,junior,2933,3
Staffigo,Business Analyst (Entry Level),"[""go"", ""agile"", ""medical""]",,master,junior,2429,3
RWC Building Products,Entry Level Office Assistant,"[""excel""]",,,junior,1501,1
Core Soft Tech,Software test Engineer ( Entry Level ),"[""go""]",,,junior,862,1
Intel,System Software Development Engineer - Entry Level,"[""python"", ""kubernetes"", ""rest"", ""go"", ""git"", ""java"", ""sem"", ""docker"", ""medical"", ""aws"", ""rust""]",,master,intern,3573,11
DISH,Satellite TV Installer - Entry Level,"[""go"", ""sem"", ""medical""]",,bachelor,junior,4672,3
Caldera Medical,"Sales Associate (Entry Level) Phoenix, AZ","[""go"", ""medical""]",,bachelor,junior,3158,2
Firstsource Solution USA,Remote Patient Advocate Specialist,"[""go"", ""excel"", ""medical"", ""aws""]",,,junior,5162,4
Rx Help Centers,$17.50hr - Patient Advocate - Part Time Position - Mon - Fri ...,"[""go""]",,,,846,1
Moda Health,Member Health Advocate ~ remote,"[""go"", ""clinical""]",,,senior,2632,2
"Bilingual Care Advocate (Hebrew)   New York, NY•Remote Full-time",Bilingual Care Advocate (Hebrew),"[""rest"", ""go"", ""excel"", ""git"", ""api"", ""sem"", ""nursing"", ""medical"", ""rust""]",,,junior,5296,9
Great American Insurance Group,Remote Customer Service Representative,"[""go"", ""excel"", ""medical""]",,,mid,3207,3
Nordstrom,Retail Cashier & Sales Floor Support - The Shops at Riverwalk Rack,[],,,,1173,0
Panera Bread,Restaurant Team Member - Cashier,"[""rest"", ""go"", ""excel"", ""medical"", ""rust""]",,,manager,2550,5
Skechers,Retail Floor Leader - Anthem,"[""rest"", ""go""]",,,manager,2073,2
McDonald's,Crew Team Member,"[""rest"", ""go"", ""seo""]",,,,3318,3
"DGA Security   New York, NY   Hybrid",Business Development Manager,"[""salesforce"", ""go"", ""sem"", ""crm"", ""rust""]",,bachelor,manager,2578,5
"Katten Muchin Rosenman LLP   New York, NY   Hybrid ",Business Development Manager,"[""tax"", ""rest"", ""sales strategy"", ""go"", ""excel"", ""agile"", ""medical"", ""aws""]",,bachelor,senior,7831,8
"ChenMed   Jacksonville, FL On-site ",Medical Assistant,"[""go"", ""excel"", ""cpr"", ""api"", ""emr"", ""clinical"", ""medical""]",,,senior,4196,7
"SNI Companies   Jacksonville, FL    Hybrid",Medical Receptionist,"[""hipaa"", ""rest"", ""excel"", ""cpr"", ""sap"", ""patient care"", ""medical""]",,,,1723,7
"Water Treatment Facilities   Fresh Meadows, New York, United States On-site",Medical Receptionist / Registrar,"[""go"", ""excel"", ""medical""]",,,,961,3
Sally Beauty,Sales Associate/Beauty Advisor,"[""rest"", ""go"", ""medical""]",,,junior,1914,3
Kohl's,Part-Time Retail Sales Associate,"[""excel"", ""rust""]",,,junior,3895,2
General Assembly  United States   Remote,"Program Manager, Blended Learning","[""financial reporting"", ""go"", ""excel"", ""git"", ""sem""]",,,senior,3980,5
Public Consulting Group  United States   Remote,Senior Project Manager - Education,"[""social media"", ""go"", ""excel""]",,,mid,3387,3
Tech Elevator  United States   Remote,Project Manager,"[""go"", ""excel"", ""agile"", ""aws""]",,,mid,5465,4
Paligo,Technical Support Agent,"[""javascript"", ""go"", ""excel"", ""api"", ""java"", ""crm""]",,,manager,3706,6
"CompuCom Systems, Inc.",IT Help Desk Technical Support Agent (Remote/Telecommute),"[""account management""]",,master,manager,3369,1
ICONIQ Capital,Systems Administrator,"[""go"", ""excel"", ""azure"", ""api"", ""medical""]",,bachelor,senior,3370,5
Cambridge Information Group Inc,Systems Administrator,"[""python"", ""excel"", ""azure"", ""sem"", ""aws""]",,master,mid,6633,5
Intrepid Museum,System Administrator,"[""rest"", ""go"", ""sql"", ""rust""]",,bachelor,senior,4913,4
System One,IT Systems Administrator,[],,master,manager,2813,0
Compass,Marketing Advisor,"[""copywriting"", ""social media"", ""go"", ""excel"", ""git""]",,,manager,5004,5
Secure Agent Marketing,Sales Representatives,"[""social media"", ""excel""]",,,,1473,2
"Amazon.com, Inc.","Director, ACX Creator Marketing","[""social media"", ""go"", ""excel"", ""git"", ""api""]",,,manager,5093,5
Compass Group Careers,"MARKETING COORDINATOR - HIGHER EDUCATION - Newark, NJ","[""rest"", ""go"", ""excel"", ""medical""]",,master,junior,3495,4
Wells Fargo,Search optimization,"[""social media"", ""rest"", ""go"", ""excel"", ""git"", ""sem"", ""google analytics"", ""seo""]",,,senior,7188,8
LEVINE/LEAVITT,Marketing and Visuals Manager for Artist Management Agency,"[""social media"", ""go"", ""git""]",,bachelor,manager,2033,3
1stDibs,Senior Systems Administrator,"[""python"", ""kubernetes"", ""go"", ""git"", ""api"", ""docker"", ""aws""]",,,senior,3438,7
Hudson Group,Windows System Administrator,"[""azure"", ""medical""]",,,manager,3064,2
Visa,"Business Development Manager, NA Marketing Services","[""go"", ""excel"", ""git""]",,master,senior,5101,3
 Yaffed,Director of Development ,"[""rest"", ""go"", ""excel"", ""medical""]",,,mid,2252,4
Joe Paul Group,"Director of Development -Queens, NY #822","[""go"", ""excel"", ""api""]",,,manager,2156,3
Marriott,Sales Executive Richmond Hotel,"[""rest"", ""sales strategy"", ""go"", ""negotiation"", ""excel"", ""sap"", ""lead generation""]",,bachelor,senior,7825,7
Change Healthcare,"Senior Sales Executive- Revenue Cycle Management - MI, OH, KY, IN","[""go"", ""sem"", ""aws""]",,bachelor,senior,4823,3
Fiserv,Migrations Sales Executive- Credit Union,"[""go"", ""crm"", ""rust""]",,bachelor,executive,3783,3
Marriott International,Senior Catering Sales Executive,"[""spring"", ""rest"", ""go"", ""excel""]",,bachelor,senior,6352,4
Concentra,Field Sales Account Executive,"[""hipaa"", ""go"", ""negotiation"", ""excel"", ""sem"", ""crm"", ""medical"", ""aws""]",,bachelor,senior,4536,8
AT&T,Sales Executive Fiber,"[""go"", ""negotiation"", ""cold calling"", ""sem"", ""crm"", ""medical"", ""rust""]",,bachelor,senior,3822,7
"Bio-Reference Laboratories, Inc.","Account Executive, Urology - Ohio and parts of W.PA, W.VA","[""go"", ""excel"", ""clinical"", ""medical"", ""lead generation""]",,bachelor,senior,2602,5
Aml Rightsource Llc,Entry Level - Transaction Monitoring Investigator ,"[""excel"", ""aws""]",,bachelor,junior,4280,2
PTC THERAPEUTICS,Patient Engagement Liaison,"[""rest"", ""go"", ""clinical"", ""aws"", ""rust""]",,,,4101,5
Cancer Treatment Centers of America,"Advocate, Patient Empowerment- REMOTE","[""salesforce"", ""rest"", ""go"", ""api"", ""crm""]",,bachelor,manager,7241,5
The Judge Group  United States   Remote,Project Managers,"[""go"", ""excel"", ""git""]",,master,manager,2720,3
Edpuzzle  United States   Remote, Business Development Project Manager,"[""go"", ""excel"", ""medical"", ""rust""]",,bachelor,manager,3874,4
BTIG,"Equity Research Associate, Biotechnology","[""rest"", ""excel"", ""financial analysis"", ""api""]",,phd,junior,3026,4
"Jefferies  New York, NY ",Equity Research Associate - Biotechnology,"[""python"", ""rest"", ""go"", ""excel"", ""sql"", ""api"", ""medical""]",,bachelor,junior,2301,7
Career Staffing,Work From Home Administrative Assistant Skills (Data Entry - Remote),"[""excel"", ""medical""]",,,junior,1519,2
Macy's Inc.,"Retail Sales Associate - Furniture​/Mattresses, Quaker Bridge Mall...",[],,,junior,382,0
Fortunoff Backyard Store,"Furniture Sales Associates - Bridgewater, N.J.","[""go"", ""excel"", ""sem"", ""rust""]",,,,4191,4
Crate and Barrel,Furniture Sales Associate,[],,,junior,752,0
Arhaus Furniture,Sales Associate / Design Consultant - Full Time,"[""medical""]",,,junior,2483,1
Dandelion Travels,Customer Service Agent,"[""rest""]",,,,952,1
THE MODERN HELLO.,Customer Service Professional (REMOTE),"[""go"", ""excel"", ""git""]",,,,2487,3
Cigna,CCRD Customer Service Representative - Work from Home (Remote),"[""hipaa"", ""excel"", ""sem"", ""clinical"", ""medical"", ""aws""]",,,junior,5897,6
Royal Recruiter,Remote Customer Service Representative ($16/hr),"[""excel""]",,bachelor,,630,1
JoAnn,Part Time Team Member R50775,"[""rest"", ""excel"", ""aws""]",,,manager,5746,3
Domino's,Assistant Manager(02204) - 620 N Memorial Dr,[],,,manager,614,0
Caretenders VNA,Clinical Account Executive,"[""go"", ""negotiation"", ""excel"", ""clinical"", ""crm""]",,,senior,2911,5
FedEx Express,R0049: PM Full Time Material Handler,"[""rest"", ""go"", ""git"", ""medical"", ""aws""]",,,executive,9215,5
Danbury Senior Living,Travel STNA,"[""rest"", ""go"", ""aws""]",,,senior,2281,3
Dunkirk Rehabilitation and Nursing Center,RN Supervisor,"[""go"", ""excel"", ""cpr"", ""clinical"", ""nursing""]",,,mid,6059,5
CoreCivic,Correctional Officer,"[""go"", ""medical""]",,,manager,2100,2
Bassett,Design Consultant,"[""go"", ""excel"", ""rust""]",,,junior,3175,3
Ethan Allen,Design Consultant- Interior Design/Sales Consultant in Englishtown at Ethan Allen Global Inc.,"[""social media"", ""go""]",,bachelor,,2324,2
Baylor Scott & White Health,Case Manager II - Remote,"[""rest"", ""go"", ""excel"", ""sem"", ""clinical"", ""nursing"", ""auditing""]",,master,manager,4781,7
"Newell Brands  Hoboken, NJ    On-site",Sr. Art Director,"[""social media"", ""go"", ""git"", ""aws""]",,bachelor,senior,2848,4
"AARP  New York, NY ",Art Director,"[""tax"", ""go"", ""excel"", ""git"", ""sem""]",,,senior,3865,5
Thinx Inc.  New York City Metropolitan Area   Hybrid,Art Director,"[""rest"", ""go"", ""excel""]",,,mid,6986,3
Plaid,Lead Commercial Counsel,"[""rest"", ""go"", ""negotiation"", ""api"", ""medical"", ""aws""]",,,senior,4373,6
"Axiom   New York, NY On-site",Commercial Contracts Lawyer,"[""go"", ""excel"", ""rust""]",,,,2671,3
Pagaya,"Vice President, Product Marketing","[""go"", ""email marketing"", ""content marketing"", ""seo""]",,bachelor,manager,2197,4
Altice USA,VP Marketing & Growth,"[""social media"", ""go"", ""git"", ""medical""]",,,senior,7489,4
Insider Inc,"VP, Marketing - Advertising Revenue","[""go"", ""excel"", ""git"", ""lead generation""]",,bachelor,senior,5232,4
Management Leadership For Tomorrow,"Coach, Career Prep","[""salesforce"", ""sem""]",,master,intern,3587,2
"Meijer, Inc.",Grocery Inventory clerk Part Time,[],,,,56,0
COMMERCE BANK,Business Banking Relationship Manager,"[""rest"", ""go"", ""negotiation"", ""excel"", ""agile"", ""sem"", ""aws""]",,bachelor,mid,4239,7
Raising Cane's,Restaurant Operations Manager,"[""rest"", ""go"", ""excel"", ""sem"", ""medical"", ""aws""]",,,senior,5113,6
RB American Group LLC,Assistant Manager,"[""rest"", ""go"", ""medical""]",,,manager,1235,3
Anheuser-Busch,"Sr. Manager, Customer Experience Center Business Process","[""tax"", ""go"", ""excel"", ""medical""]",,bachelor,senior,5929,4
Microsoft Corporation,Account Delivery Manager,"[""rest"", ""go"", ""excel"", ""git"", ""medical"", ""aws"", ""account management""]",,master,mid,8266,7
US Foods,New Business Manager - St. Louis Area,"[""go"", ""negotiation"", ""excel"", ""lead generation""]",,bachelor,senior,4279,4
"TJX Companies, Inc.",Retail Sales Associate - Part time,"[""go"", ""excel"", ""aws""]",,,junior,3444,3
Clarapath,CNC Programmer Machinist,"[""git"", ""patient care"", ""medical""]",,master,manager,3701,3
eclaro,Systems Programmer,"[""tax"", ""rest"", ""go"", ""sql"", ""api"", ""medical""]",,master,senior,3412,6
World Finer Foods,Oracle E-Business Programmer & Decision Support,"[""go"", ""excel"", ""sql"", ""oracle""]",,master,manager,4475,4
Clarapath Inc.,CNC Programmer,"[""git"", ""patient care"", ""medical""]",,master,manager,3536,3
Orion Innovation,Mainframe Programmer Analyst,"[""go"", ""excel"", ""sql"", ""budgeting""]",,bachelor,senior,5025,4
Brass Lion Entertainment,Animation Programmer,"[""go""]",,bachelor,,2307,1
Parexel,Senior Statistical Programmer,"[""go"", ""excel"", ""gcp"", ""clinical""]",,bachelor,senior,2778,4
Brains Workgroup,Programmer Analyst with R Consultant,"[""git"", ""agile"", ""sql""]",,master,,2549,3
Humana,Inbound Claims & Call Center Representative (iCare),"[""go"", ""sem"", ""sap"", ""medical""]",,,,3678,4
Grant / Morgan Associates,Real Estate Acquisitions Analyst / Sr. Analyst,"[""rest"", ""excel"", ""api""]",,bachelor,senior,2023,3
Keyway,"Acquisitions, Associate","[""go"", ""excel"", ""api"", ""rust""]",,,junior,3796,4
Path Home Team,Real Estate Acquisitions Sales Associate - Start Immediately,"[""go"", ""rust""]",,bachelor,junior,2746,2
Bluecore,Senior Accountant (Remote),"[""rest"", ""excel"", ""git"", ""gaap"", ""rust""]",,bachelor,senior,5190,5
Agile Sourcing Partners,Senior Accountant (Remote) (Remote),"[""tax"", ""go"", ""excel""]",,master,senior,2316,3
Greenlight,Staff Accountant,"[""go"", ""excel"", ""bookkeeping"", ""api"", ""medical""]",,bachelor,senior,3611,5
WebbMason Marketing,Vice President Marketing,"[""brand management"", ""go"", ""git"", ""lead generation""]",,,senior,1986,4
31 Talent,Vice President Marketing,"[""go"", ""excel"", ""git"", ""content marketing"", ""google analytics""]",,,senior,2286,5
Anderson Law,Commercial Real Estate Attorney,"[""go"", ""negotiation"", ""excel""]",,,,1303,3
Phillips Lytle LLP,Real Estate Attorney (4+ yrs),"[""excel""]",,,,1138,1
Flatiron School,Career Coach (Remote),"[""go"", ""medical"", ""aws"", ""rust""]",,,mid,5718,4
Pharmacy Careers,Career Coach (100% Remote / Pharmacy),"[""rest"", ""go"", ""excel""]",,,senior,1197,3
Discovery Health MD,Healthcare Administrative Assistant – Urgent Hiring,"[""hipaa"", ""excel"", ""medical""]",,,manager,3618,3
St. Joseph's Health,Executive Assistant,"[""excel"", ""clinical""]",,master,senior,1115,2
Centers Health CARE,Administrative assistant,"[""excel""]",,,junior,717,1
US Parcel Service,Administrative Assistant - Remote / Online / Work From Home (PT/FT),"[""medical"", ""aws""]",,,,1874,2
JOTECH,Work From Home Part Time Administrative Assistant / Customer...,"[""go"", ""medical""]",,,junior,2024,2
The Public Health Institute (PHI),"Administrative Assistant III (Part time) – Remote, Work from Anywhere","[""rest"", ""go"", ""excel"", ""medical"", ""aws"", ""rust""]",,,mid,7516,6
SonicJobs,Remote Administrative Assistant,"[""go"", ""excel"", ""api""]",,,manager,1905,3
Qrypt,Network System Administrator,"[""python"", ""rest"", ""go"", ""azure"", ""api"", ""sem"", ""medical""]",,bachelor,junior,4493,7
Safelite,Entry Level Customer Service Representative (Remote),"[""go""]",,,junior,2873,1
"Sedgwick   Elgin, IL ","Entry Level Claims and Customer Service Positions! Training Program and Career Growth! Chicago, IL","[""go"", ""excel"", ""medical""]",,,junior,5904,3
MJH Life Sciences™,Senior Accountant,"[""excel""]",,bachelor,senior,2219,1
CUSHMAN,"Executive Administrative Assistant, Brokerage","[""go"", ""excel""]",,bachelor,executive,2436,2
MARCUS ATTORNEYS PLLC,Real Estate Paralegal or Executive Assistant,"[""rest"", ""go"", ""excel""]",,,executive,990,3
Solomon Page,Administrative Assistant to Global Real Estate Institutional...,"[""rest"", ""go"", ""excel"", ""rust""]",,master,senior,3629,4
Select Specialty Hospital - Columbus Vic Village(Grant),Chief Executive Officer (CEO),"[""hipaa"", ""go"", ""excel"", ""api"", ""nursing"", ""patient care"", ""medical"", ""rust""]",,master,senior,4167,8
619 Recruiting,Vice President Operations,"[""go"", ""negotiation"", ""excel"", ""api""]",,bachelor,junior,1800,4
BrightView,"Vice President, Operations","[""go"", ""excel"", ""medical""]",,master,mid,4447,3
Risk Strategies Company,Vice President of Business Intelligence,"[""sql"", ""budgeting""]",,bachelor,manager,2623,2
Greater Cleveland Food Bank,Vice President & Chief Financial Officer,"[""financial reporting"", ""go"", ""negotiation"", ""excel"", ""api"", ""budgeting"", ""auditing""]",,master,senior,9157,7
NiSource,Vice President Operations Excellence,"[""go"", ""excel"", ""sem"", ""rust""]",,master,senior,7787,4
g2o,Vice President of Solution Sales - Financial Services,"[""go"", ""excel"", ""git""]",,,senior,3984,3
Columbus State Community College,"Executive Coordinator, Office of The President","[""go"", ""excel"", ""git"", ""rust""]",,bachelor,mid,6260,4
MUFG,"Senior Data Security Engineer, Vice President - Remote","[""rest"", ""go"", ""excel"", ""medical"", ""rust""]",,master,senior,5029,5
cincinnati assn for the blind and visually impaired,"Vice President, Business Development","[""rest"", ""go"", ""excel"", ""api"", ""rust""]",,master,senior,8094,5
Joyce Factory Direct,Vice President of Marketing,"[""salesforce"", ""git"", ""lead generation""]",,,senior,2058,3
Alpine Home Air Products,Customer Service Representative (Fully Remote),"[""go"", ""excel"", ""git"", ""crm""]",,,,4082,4
"Thermo Fisher Scientific   Ohio, United States   Remote",Customer Experience Specialist II - REMOTE,"[""rest"", ""go"", ""excel""]",,bachelor,mid,3473,3
One Rockwell,E-commerce Project Manager,"[""go"", ""git"", ""api"", ""medical""]",,,manager,2806,4
The Agency Worx,Sr. E-Commerce Marketing Director,"[""rest"", ""go"", ""git"", ""agile""]",,master,senior,2129,4
sk*p,"Director, E-commerce & Growth","[""go"", ""excel"", ""git"", ""google ads"", ""crm"", ""digital marketing"", ""seo"", ""lead generation""]",,,mid,3144,8
ESAB USA,NAM E-Commerce Retail Channel Marketing Leader,"[""go"", ""git"", ""sem"", ""digital marketing"", ""seo"", ""rust""]",,bachelor,manager,5487,6
Talbots,Retail Sales Associate,"[""go""]",,bachelor,junior,2823,1
7-Eleven,Sales Associate,"[""rest"", ""go"", ""react"", ""aws""]",,,junior,5346,4
Levin Furniture,FT Sales Associate,"[""go"", ""excel"", ""git"", ""medical""]",,,junior,2271,4
Cleveland Plant & Flower Co.,Sales Associate,"[""rest"", ""go"", ""excel""]",,master,junior,3338,3
Burlington Stores,Retail Sales Associate,"[""go"", ""api""]",,,junior,2602,2
Dick's Sporting Goods,Retail Sales Associate (All positions),"[""rest"", ""go""]",,,junior,1687,2
Public Consulting Group,Program Coordinator,"[""go"", ""excel"", ""medical""]",,bachelor,mid,6063,3
The Grove,Sales Associate,[],,,junior,73,0
Shinola- Retail,Retail Sales Associate,"[""salesforce"", ""go"", ""medical""]",,,junior,3238,3
CRATE & BARREL,Furniture Sales Associate,"[""go"", ""git""]",,,junior,4141,2
VF Corporation,"Vans Retail Sales Associate (Beachwood Place Mall 496 Beachwood, OH)","[""rest"", ""go"", ""vue""]",,,junior,9491,3
HBC,Luxury Sales Stylist - Mens Combo - Saks Fifth Avenue,"[""rest"", ""go"", ""excel"", ""git"", ""seo"", ""medical"", ""aws""]",,master,senior,2269,7
The Cleveland Museum of Art,Retail Sales Associate,"[""go""]",,bachelor,junior,1038,1
Goldman Sachs,"Global Investment Research, Equity Research, Heathcare - Biotech...","[""rest"", ""go"", ""excel"", ""clinical""]",,phd,junior,2040,4
BGC Partners,Equity research associate,"[""financial analysis""]",,bachelor,junior,1230,1
Advisor Group,"Equity Research Associate, Biotech","[""rest"", ""excel"", ""clinical"", ""medical""]",,master,junior,3043,4
OpsLevel,Executive Assistant--Remote,"[""go""]",,,senior,3056,1
Morningside Center for Teaching Social Responsibility,Executive Assistant,"[""rest"", ""go"", ""excel""]",,master,mid,5698,3
Legacy Health Services - Corporate,Travel Registered Nurse (RN),"[""go"", ""excel"", ""cpr"", ""sem"", ""clinical"", ""nursing"", ""rust""]",,,senior,3010,7
BluePipes,Travel Nurse - RN - TELE - Telemetry - $2397.79 / Week,"[""go"", ""nursing"", ""patient care"", ""medical""]",,,senior,3216,4
Manorcare Health Services,Registered Nurse - RN - Senior Care!,"[""nursing"", ""medical""]",,,senior,2106,2
ProMedica Senior Care,Registered Nurse (RN) - Parma,"[""nursing"", ""medical""]",,,senior,2122,2
HealthCare Travelers (Nursing),Tele-Telemetry Nurse RN - Travel Jobs,"[""rest"", ""go"", ""nursing"", ""sap"", ""medical""]",,,mid,2241,5
Mount Carmel Health System,"RN, Registered Nurse - Endoscopy","[""cpr"", ""sem"", ""emr"", ""clinical"", ""nursing"", ""patient care"", ""medical""]",,,senior,4620,7
Morgan Stanley,Equity Research Biotech Associate,"[""rest"", ""excel"", ""api""]",,bachelor,junior,2972,3
T-Mobile,T Mobile Work From Home – Customer Service Associate Expert – $20/hr.,"[""api"", ""medical"", ""account management""]",,,junior,4521,3
A TFI International Company,Remote Logistics Customer Service Rep,"[""go"", ""excel"", ""api""]",,master,manager,2192,3
MSC Industrial Supply,Project Intern,"[""rest""]",,,intern,929,1
Trane Technologies,Contracting Project Management Intern,[],,bachelor,intern,3551,0
Andor Creative,Marketing Intern,"[""social media""]",,,intern,591,1
State Industrial Products,Marketing Project Intern,"[""rest"", ""go"", ""excel"", ""content marketing""]",,master,intern,3086,4
Menards,Management Internship,[],,,intern,1122,0
Parker,Human Resources Internship - Corporate  (Year-Round),"[""go"", ""excel"", ""auditing"", ""aws""]",,bachelor,intern,3840,4
Borgen Project,Writer / Journalist Internship,"[""seo""]",,,intern,897,1
Wyndham Destinations,Inbound Customer Service / Sales (Remote),"[""rest"", ""api"", ""sem"", ""medical""]",,,mid,4604,4
Aerotek,Remote Inbound Customer Service Representative,"[""go"", ""excel"", ""medical""]",,,manager,1592,3
